{
	"credit": "Made with Blockbench by Mc_Jeronimo",
	"textures": {
		"0": "opensignals:blocks/tjc/telegrau",
		"1": "opensignals:blocks/tjc/graubraun",
		"particle": "opensignals:blocks/tjc/telegrau"
	},
	"elements": [
		{
			"from": [7.5, -0.5, -0.5],
			"to": [8, 0, 5],
			"rotation": {"angle": 0, "axis": "y", "origin": [7.75, 5.975, 8.25]},
			"faces": {
				"north": {"uv": [5.5, 0, 0, 1], "texture": "#1"},
				"east": {"uv": [1, 0, 0, 1], "texture": "#1"},
				"south": {"uv": [5.5, 0, 0, 1], "texture": "#1"},
				"west": {"uv": [1, 0, 0, 1], "texture": "#1"},
				"up": {"uv": [1, 0, 0, 5.5], "rotation": 270, "texture": "#1"},
				"down": {"uv": [1, 0, 0, 5.5], "rotation": 90, "texture": "#1"}
			}
		},
		{
			"from": [6.75, -1.3, 0.25],
			"to": [8.75, 0.7, 0.75],
			"rotation": {"angle": 0, "axis": "y", "origin": [7.75, 5.975, 8.25]},
			"faces": {
				"north": {"uv": [2, 0, 0, 2], "texture": "#1"},
				"east": {"uv": [0.5, 0, 0, 2], "texture": "#1"},
				"south": {"uv": [2, 0, 0, 2], "texture": "#1"},
				"west": {"uv": [0.5, 0, 0, 2], "texture": "#1"},
				"up": {"uv": [0, 0.5, 2, 0], "rotation": 180, "texture": "#1"},
				"down": {"uv": [0, 0.5, 2, 0], "rotation": 180, "texture": "#1"}
			}
		},
		{
			"from": [6.75, -1.3, 2.25],
			"to": [8.75, 0.7, 2.75],
			"rotation": {"angle": 0, "axis": "y", "origin": [7.75, 5.975, 8.25]},
			"faces": {
				"north": {"uv": [2, 0, 0, 2], "texture": "#1"},
				"east": {"uv": [0.5, 0, 0, 2], "texture": "#1"},
				"south": {"uv": [2, 0, 0, 2], "texture": "#1"},
				"west": {"uv": [0.5, 0, 0, 2], "texture": "#1"},
				"up": {"uv": [0, 0.5, 2, 0], "rotation": 180, "texture": "#1"},
				"down": {"uv": [0, 0.5, 2, 0], "rotation": 180, "texture": "#1"}
			}
		},
		{
			"from": [6.75, -1.3, 3.25],
			"to": [8.75, 0.7, 3.75],
			"rotation": {"angle": 0, "axis": "y", "origin": [7.75, 5.975, 8.25]},
			"faces": {
				"north": {"uv": [2, 0, 0, 2], "texture": "#1"},
				"east": {"uv": [0.5, 0, 0, 2], "texture": "#1"},
				"south": {"uv": [2, 0, 0, 2], "texture": "#1"},
				"west": {"uv": [0.5, 0, 0, 2], "texture": "#1"},
				"up": {"uv": [0, 0.5, 2, 0], "rotation": 180, "texture": "#1"},
				"down": {"uv": [0, 0.5, 2, 0], "rotation": 180, "texture": "#1"}
			}
		},
		{
			"from": [6.75, -1.3, 4.5],
			"to": [8.75, 0.7, 6.5],
			"rotation": {"angle": 0, "axis": "y", "origin": [7.75, 5.975, 8.25]},
			"faces": {
				"north": {"uv": [2, 0, 4, 2], "texture": "#0"},
				"east": {"uv": [1, 0, 2, 2], "texture": "#0"},
				"south": {"uv": [2, 0, 4, 2], "texture": "#0"},
				"west": {"uv": [1, 0, 2, 2], "texture": "#0"},
				"up": {"uv": [0, 1, 2, 2], "rotation": 180, "texture": "#0"},
				"down": {"uv": [0, 1, 2, 2], "rotation": 180, "texture": "#0"}
			}
		},
		{
			"from": [6.75, -1.3, 1.25],
			"to": [8.75, 0.7, 1.75],
			"rotation": {"angle": 0, "axis": "y", "origin": [7.75, 5.975, 8.25]},
			"faces": {
				"north": {"uv": [2, 0, 0, 2], "texture": "#1"},
				"east": {"uv": [0.5, 0, 0, 2], "texture": "#1"},
				"south": {"uv": [2, 0, 0, 2], "texture": "#1"},
				"west": {"uv": [0.5, 0, 0, 2], "texture": "#1"},
				"up": {"uv": [0, 0.5, 2, 0], "rotation": 180, "texture": "#1"},
				"down": {"uv": [0, 0.5, 2, 0], "rotation": 180, "texture": "#1"}
			}
		},
		{
			"from": [6.75, 9.2, 0.25],
			"to": [8.75, 11.2, 0.75],
			"rotation": {"angle": 0, "axis": "y", "origin": [7.75, 5.975, 8.25]},
			"faces": {
				"north": {"uv": [2, 0, 0, 2], "texture": "#1"},
				"east": {"uv": [0.5, 0, 0, 2], "texture": "#1"},
				"south": {"uv": [2, 0, 0, 2], "texture": "#1"},
				"west": {"uv": [0.5, 0, 0, 2], "texture": "#1"},
				"up": {"uv": [0, 0.5, 2, 0], "rotation": 180, "texture": "#1"},
				"down": {"uv": [0, 0.5, 2, 0], "rotation": 180, "texture": "#1"}
			}
		},
		{
			"from": [6.75, 9.2, 1.25],
			"to": [8.75, 11.2, 1.75],
			"rotation": {"angle": 0, "axis": "y", "origin": [7.75, 5.975, 8.25]},
			"faces": {
				"north": {"uv": [2, 0, 0, 2], "texture": "#1"},
				"east": {"uv": [0.5, 0, 0, 2], "texture": "#1"},
				"south": {"uv": [2, 0, 0, 2], "texture": "#1"},
				"west": {"uv": [0.5, 0, 0, 2], "texture": "#1"},
				"up": {"uv": [0, 0.5, 2, 0], "rotation": 180, "texture": "#1"},
				"down": {"uv": [0, 0.5, 2, 0], "rotation": 180, "texture": "#1"}
			}
		},
		{
			"from": [6.75, 9.2, 2.25],
			"to": [8.75, 11.2, 2.75],
			"rotation": {"angle": 0, "axis": "y", "origin": [7.75, 5.975, 8.25]},
			"faces": {
				"north": {"uv": [2, 0, 0, 2], "texture": "#1"},
				"east": {"uv": [0.5, 0, 0, 2], "texture": "#1"},
				"south": {"uv": [2, 0, 0, 2], "texture": "#1"},
				"west": {"uv": [0.5, 0, 0, 2], "texture": "#1"},
				"up": {"uv": [0, 0.5, 2, 0], "rotation": 180, "texture": "#1"},
				"down": {"uv": [0, 0.5, 2, 0], "rotation": 180, "texture": "#1"}
			}
		},
		{
			"from": [6.75, 9.2, 3.25],
			"to": [8.75, 11.2, 3.75],
			"rotation": {"angle": 0, "axis": "y", "origin": [7.75, 5.975, 8.25]},
			"faces": {
				"north": {"uv": [2, 0, 0, 2], "texture": "#1"},
				"east": {"uv": [0.5, 0, 0, 2], "texture": "#1"},
				"south": {"uv": [2, 0, 0, 2], "texture": "#1"},
				"west": {"uv": [0.5, 0, 0, 2], "texture": "#1"},
				"up": {"uv": [0, 0.5, 2, 0], "rotation": 180, "texture": "#1"},
				"down": {"uv": [0, 0.5, 2, 0], "rotation": 180, "texture": "#1"}
			}
		},
		{
			"from": [7.5, 10, -0.5],
			"to": [8, 10.5, 5],
			"rotation": {"angle": 0, "axis": "y", "origin": [7.75, 5.975, 8.25]},
			"faces": {
				"north": {"uv": [5.5, 0, 0, 1], "texture": "#1"},
				"east": {"uv": [1, 0, 0, 1], "texture": "#1"},
				"south": {"uv": [5.5, 0, 0, 1], "texture": "#1"},
				"west": {"uv": [1, 0, 0, 1], "texture": "#1"},
				"up": {"uv": [1, 0, 0, 5.5], "rotation": 270, "texture": "#1"},
				"down": {"uv": [1, 0, 0, 5.5], "rotation": 90, "texture": "#1"}
			}
		},
		{
			"from": [6.75, 9.2, 4.5],
			"to": [8.75, 11.2, 6.5],
			"rotation": {"angle": 0, "axis": "y", "origin": [7.75, 5.975, 8.25]},
			"faces": {
				"north": {"uv": [2, 0, 4, 2], "texture": "#0"},
				"east": {"uv": [1, 0, 2, 2], "texture": "#0"},
				"south": {"uv": [2, 0, 4, 2], "texture": "#0"},
				"west": {"uv": [1, 0, 2, 2], "texture": "#0"},
				"up": {"uv": [0, 1, 2, 2], "rotation": 180, "texture": "#0"},
				"down": {"uv": [0, 1, 2, 2], "rotation": 180, "texture": "#0"}
			}
		}
	],
	"groups": [
		{
			"name": "group",
			"origin": [0, 0, 16],
			"color": 0,
			"children": [0, 1, 2, 3, 4, 5, 6, 7, 8, 9, 10, 11]
		}
	]
}