{
	"credit": "Made with Blockbench by Mc_Jeronimo",
	"textures": {
		"0": "opensignals:blocks/tjc/betongrau",
		"particle": "opensignals:blocks/tjc/betongrau"
	},
	"elements": [
		{
			"from": [3, -16, 3],
			"to": [13, -8, 13],
			"rotation": {"angle": 0, "axis": "y", "origin": [0, -16, 0]},
			"faces": {
				"north": {"uv": [0, 0, 10, 8], "texture": "#0"},
				"east": {"uv": [0, 0, 10, 8], "texture": "#0"},
				"south": {"uv": [0, 0, 10, 8], "texture": "#0"},
				"west": {"uv": [0, 0, 10, 8], "texture": "#0"},
				"up": {"uv": [0, 0, 10, 10], "texture": "#0"},
				"down": {"uv": [0, 0, 10, 10], "texture": "#0"}
			}
		},
		{
			"from": [6, -8, 4],
			"to": [10, 32, 12],
			"faces": {
				"north": {"uv": [0, 0, 4, 8], "texture": "#0"},
				"east": {"uv": [0, 0, 4, 8], "texture": "#0"},
				"south": {"uv": [0, 0, 4, 8], "texture": "#0"},
				"west": {"uv": [0, 0, 4, 8], "texture": "#0"},
				"up": {"uv": [0, 0, 4, 8], "texture": "#0"},
				"down": {"uv": [0, 0, 4, 8], "texture": "#0"}
			}
		},
		{
			"from": [5, -8, 5],
			"to": [6, 32, 11],
			"faces": {
				"north": {"uv": [0, 0, 1, 6], "texture": "#0"},
				"east": {"uv": [0, 0, 1, 6], "texture": "#0"},
				"south": {"uv": [0, 0, 1, 6], "texture": "#0"},
				"west": {"uv": [0, 0, 1, 6], "texture": "#0"},
				"up": {"uv": [0, 0, 1, 6], "texture": "#0"},
				"down": {"uv": [0, 0, 1, 6], "texture": "#0"}
			}
		},
		{
			"from": [10, -8, 5],
			"to": [11, 32, 11],
			"faces": {
				"north": {"uv": [0, 0, 1, 6], "texture": "#0"},
				"east": {"uv": [0, 0, 1, 6], "texture": "#0"},
				"south": {"uv": [0, 0, 1, 6], "texture": "#0"},
				"west": {"uv": [0, 0, 1, 6], "texture": "#0"},
				"up": {"uv": [0, 0, 1, 6], "texture": "#0"},
				"down": {"uv": [0, 0, 1, 6], "texture": "#0"}
			}
		},
		{
			"from": [11, -8, 6],
			"to": [12, 32, 10],
			"faces": {
				"north": {"uv": [0, 0, 1, 4], "texture": "#0"},
				"east": {"uv": [0, 0, 1, 4], "texture": "#0"},
				"south": {"uv": [0, 0, 1, 4], "texture": "#0"},
				"west": {"uv": [0, 0, 1, 4], "texture": "#0"},
				"up": {"uv": [0, 0, 1, 4], "texture": "#0"},
				"down": {"uv": [0, 0, 1, 4], "texture": "#0"}
			}
		},
		{
			"from": [4, -8, 6],
			"to": [5, 32, 10],
			"faces": {
				"north": {"uv": [0, 0, 1, 4], "texture": "#0"},
				"east": {"uv": [0, 0, 1, 4], "texture": "#0"},
				"south": {"uv": [0, 0, 1, 4], "texture": "#0"},
				"west": {"uv": [0, 0, 1, 4], "texture": "#0"},
				"up": {"uv": [0, 0, 1, 4], "texture": "#0"},
				"down": {"uv": [0, 0, 1, 4], "texture": "#0"}
			}
		}
	],
	"groups": [
		{
			"name": "fuß",
			"origin": [0, 0, 0],
			"color": 0,
			"children": [0]
		},
		1,
		2,
		3,
		4,
		5
	]
}