{
	"credit": "Made with Blockbench by Mc_Jeronimo",
	"textures": {
		"0": "opensignals:blocks/tjc/betongrau",
		"1": "opensignals:blocks/tjc/silbergrau",
		"particle": "opensignals:blocks/tjc/betongrau"
	},
	"elements": [
		{
			"from": [3, -16, 3],
			"to": [13, -8, 13],
			"rotation": {"angle": 0, "axis": "y", "origin": [0, -16, 0]},
			"faces": {
				"north": {"uv": [0, 0, 10, 8], "texture": "#0"},
				"east": {"uv": [0, 0, 10, 8], "texture": "#0"},
				"south": {"uv": [0, 0, 10, 8], "texture": "#0"},
				"west": {"uv": [0, 0, 10, 8], "texture": "#0"},
				"up": {"uv": [0, 0, 10, 10], "texture": "#0"},
				"down": {"uv": [0, 0, 10, 10], "texture": "#0"}
			}
		},
		{
			"from": [5, -8, 6],
			"to": [11, 32, 10],
			"rotation": {"angle": 0, "axis": "y", "origin": [9.5, -4, 8]},
			"faces": {
				"north": {"uv": [0, 0, 6, 16], "texture": "#1"},
				"east": {"uv": [0, 0, 4, 16], "texture": "#1"},
				"south": {"uv": [0, 0, 6, 16], "texture": "#1"},
				"west": {"uv": [0, 0, 4, 16], "texture": "#1"},
				"up": {"uv": [0, 0, 6, 4], "texture": "#1"},
				"down": {"uv": [0, 0, 6, 4], "texture": "#1"}
			}
		}
	],
	"groups": [
		{
			"name": "fuß",
			"origin": [0, 0, 0],
			"color": 0,
			"children": [0, 1]
		}
	]
}