{
	"credit": "Made with Blockbench by Mc_Jeronimo",
	"textures": {
		"1": "opensignals:blocks/tjc/silbergrau",
		"particle": "opensignals:blocks/tjc/silbergrau"
	},
	"elements": [
		{
			"from": [5, -16, 6],
			"to": [11, 32, 10],
			"rotation": {"angle": 0, "axis": "y", "origin": [9.5, -4, 8]},
			"faces": {
				"north": {"uv": [0, 0, 6, 16], "texture": "#1"},
				"east": {"uv": [0, 0, 4, 16], "texture": "#1"},
				"south": {"uv": [0, 0, 6, 16], "texture": "#1"},
				"west": {"uv": [0, 0, 4, 16], "texture": "#1"},
				"up": {"uv": [0, 0, 6, 4], "texture": "#1"},
				"down": {"uv": [0, 0, 6, 4], "texture": "#1"}
			}
		}
	],
	"groups": [
		{
			"name": "fuß",
			"origin": [0, 0, 0],
			"color": 0,
			"children": [0]
		}
	]
}