{
    "TJCHEIGHT": [
        "NORMAL",
        "ONE_THIRD",
        "TWO_THIRDS"
    ],
    "TJCHECTOMETER": [
        "OFF",
        "SINGLE",
        "DOUBLE"
    ],
    "TJCTRAMTYPE": [
        "MAST_SINGLE",
        "MAST_DOUBLE",
        "MAST",
        "CATENARY"
    ],
    "TJCTRAMLENGTH": [
        "L9", "L10", "L11", "L12", "L13", "L14", "L15", "L16", "L17", "L18", "L19", "L20", "L21", "L22", "L23", "L24", "L25", "L26", "L27", "L28", "L29", "L30", "L31", "L32", "L33", "L34", "L35", "L36", "L37", "L38", "L39", "L40", "L41", "L42", "L43", "L44", "L45", "L46", "L47", "L48", "L49", "L50"
    ],
    "TJCCROSSTYPE": [
        "MAST_LEFT",
        "MAST_RIGHT",
        "MAST_DOUBLE",
        "CROSS"
    ]
}