{
	"credit": "Made with Blockbench by Mc_Jeronimo",
	"textures": {
		"0": "opensignals:blocks/tjc/telegrau",
		"particle": "opensignals:blocks/tjc/telegrau"
	},
	"elements": [
		{
			"from": [-5, 0, 8],
			"to": [32, 1, 9],
			"rotation": {"angle": 0, "axis": "y", "origin": [8, 0.5, 8.5]},
			"faces": {
				"north": {"uv": [0, 1, 16, 2], "texture": "#0"},
				"east": {"uv": [1, 4, 2, 5], "texture": "#0"},
				"south": {"uv": [0, 0, 16, 1], "texture": "#0"},
				"west": {"uv": [0, 4, 1, 5], "texture": "#0"},
				"up": {"uv": [16, 3, 0, 2], "rotation": 180, "texture": "#0"},
				"down": {"uv": [16, 3, 0, 4], "rotation": 180, "texture": "#0"}
			}
		},
		{
			"from": [-9, 6, 8],
			"to": [22.3, 7, 9],
			"rotation": {"angle": -22.5, "axis": "z", "origin": [8, 0.5, 8.5]},
			"faces": {
				"north": {"uv": [0, 1, 16, 2], "texture": "#0"},
				"east": {"uv": [1, 4, 2, 5], "texture": "#0"},
				"south": {"uv": [0, 0, 16, 1], "texture": "#0"},
				"west": {"uv": [0, 4, 1, 5], "texture": "#0"},
				"up": {"uv": [16, 3, 0, 2], "rotation": 180, "texture": "#0"},
				"down": {"uv": [16, 3, 0, 4], "rotation": 180, "texture": "#0"}
			}
		}
	]
}