{
	"credit": "Made with Blockbench by Mc_Jeronimo",
	"textures": {
		"0": "opensignals:blocks/tjc/oberleitung",
		"particle": "opensignals:blocks/tjc/oberleitung"
	},
	"elements": [
		{
			"from": [7.5, 0, 0],
			"to": [8.5, 1, 16],
			"rotation": {"angle": 0, "axis": "y", "origin": [8, 0.5, 8.5]},
			"faces": {
				"north": {"uv": [0, 4, 1, 5], "texture": "#0"},
				"east": {"uv": [0, 1, 16, 2], "texture": "#0"},
				"south": {"uv": [1, 4, 2, 5], "texture": "#0"},
				"west": {"uv": [0, 0, 16, 1], "texture": "#0"},
				"up": {"uv": [16, 3, 0, 2], "rotation": 270, "texture": "#0"},
				"down": {"uv": [16, 3, 0, 4], "rotation": 90, "texture": "#0"}
			}
		}
	]
}