{
    "textures": {},
    "models": {
        "tjc/double/mast_down": {
			"textures": [
				{
					"blockstate": "!with(TJCCROSSTYPE.CROSS)"
				}
			],
			"y": 1
		},
        "tjc/double/mast_middle": {
			"textures": [
				{
					"blockstate": "!with(TJCCROSSTYPE.CROSS)"
				},
				{
					"blockstate": "!with(TJCCROSSTYPE.CROSS)",
					"y": 3
				}
			],
			"y": 4
		},
        "tjc/double/mast_top": {
			"textures": [
				{
					"blockstate": "!with(TJCCROSSTYPE.CROSS)"
				}
			],
			"y": 10
		},
		"tjc/cross/beam_a": {
			"textures": [
				{
					"blockstate": "with(TJCCROSSTYPE.MAST_LEFT) || with(TJCCROSSTYPE.MAST_DOUBLE)"
				}
			],
			"y": 5.1875,
			"x": 1.3125
			
		},
		"tjc/cross/beam_b": {
			"textures": [
				{
					"blockstate": "with(TJCCROSSTYPE.MAST_RIGHT) || with(TJCCROSSTYPE.MAST_DOUBLE)"
				}
			],
			"y": 5.1875,
			"x": -1.3125
			
		},
        "tjc/hm_sign": {
            "textures": [
                {
                    "blockstate": "with(TJCHECTOMETER.DOUBLE)",
					"z": 0.2
                },
				{
                    "blockstate": "with(TJCHECTOMETER.SINGLE) || with(TJCHECTOMETER.DOUBLE)",
					"z": -0.2
                }
            ],
            "y": 0.9
        },
		"tjc/cross/cross": {
			"textures": [
				{
					"blockstate": "with(TJCCROSSTYPE.CROSS) && (with(TJCCROSSLENGTH.L50) || with(TJCCROSSLENGTH.L49) || with(TJCCROSSLENGTH.L48) || with(TJCCROSSLENGTH.L47) || with(TJCCROSSLENGTH.L46) || with(TJCCROSSLENGTH.L45) || with(TJCCROSSLENGTH.L44) || with(TJCCROSSLENGTH.L43) || with(TJCCROSSLENGTH.L42) || with(TJCCROSSLENGTH.L41) || with(TJCCROSSLENGTH.L40) || with(TJCCROSSLENGTH.L39) || with(TJCCROSSLENGTH.L38) || with(TJCCROSSLENGTH.L37) || with(TJCCROSSLENGTH.L36) || with(TJCCROSSLENGTH.L35) || with(TJCCROSSLENGTH.L34) || with(TJCCROSSLENGTH.L33) || with(TJCCROSSLENGTH.L32) || with(TJCCROSSLENGTH.L31) || with(TJCCROSSLENGTH.L30) || with(TJCCROSSLENGTH.L29) || with(TJCCROSSLENGTH.L28) || with(TJCCROSSLENGTH.L27) || with(TJCCROSSLENGTH.L26) || with(TJCCROSSLENGTH.L25) || with(TJCCROSSLENGTH.L24) || with(TJCCROSSLENGTH.L23) || with(TJCCROSSLENGTH.L22) || with(TJCCROSSLENGTH.L21) || with(TJCCROSSLENGTH.L20) || with(TJCCROSSLENGTH.L19) || with(TJCCROSSLENGTH.L18) || with(TJCCROSSLENGTH.L17) || with(TJCCROSSLENGTH.L16) || with(TJCCROSSLENGTH.L15) || with(TJCCROSSLENGTH.L14) || with(TJCCROSSLENGTH.L13) || with(TJCCROSSLENGTH.L12) || with(TJCCROSSLENGTH.L11) || with(TJCCROSSLENGTH.L10) || with(TJCCROSSLENGTH.L9))",
					"z": 0
				},
				{
					"blockstate": "with(TJCCROSSTYPE.CROSS) && (with(TJCCROSSLENGTH.L50) || with(TJCCROSSLENGTH.L49) || with(TJCCROSSLENGTH.L48) || with(TJCCROSSLENGTH.L47) || with(TJCCROSSLENGTH.L46) || with(TJCCROSSLENGTH.L45) || with(TJCCROSSLENGTH.L44) || with(TJCCROSSLENGTH.L43) || with(TJCCROSSLENGTH.L42) || with(TJCCROSSLENGTH.L41) || with(TJCCROSSLENGTH.L40) || with(TJCCROSSLENGTH.L39) || with(TJCCROSSLENGTH.L38) || with(TJCCROSSLENGTH.L37) || with(TJCCROSSLENGTH.L36) || with(TJCCROSSLENGTH.L35) || with(TJCCROSSLENGTH.L34) || with(TJCCROSSLENGTH.L33) || with(TJCCROSSLENGTH.L32) || with(TJCCROSSLENGTH.L31) || with(TJCCROSSLENGTH.L30) || with(TJCCROSSLENGTH.L29) || with(TJCCROSSLENGTH.L28) || with(TJCCROSSLENGTH.L27) || with(TJCCROSSLENGTH.L26) || with(TJCCROSSLENGTH.L25) || with(TJCCROSSLENGTH.L24) || with(TJCCROSSLENGTH.L23) || with(TJCCROSSLENGTH.L22) || with(TJCCROSSLENGTH.L21) || with(TJCCROSSLENGTH.L20) || with(TJCCROSSLENGTH.L19) || with(TJCCROSSLENGTH.L18) || with(TJCCROSSLENGTH.L17) || with(TJCCROSSLENGTH.L16) || with(TJCCROSSLENGTH.L15) || with(TJCCROSSLENGTH.L14) || with(TJCCROSSLENGTH.L13) || with(TJCCROSSLENGTH.L12) || with(TJCCROSSLENGTH.L11) || with(TJCCROSSLENGTH.L10) || with(TJCCROSSLENGTH.L9))",
					"z": 1
				},
				{
					"blockstate": "with(TJCCROSSTYPE.CROSS) && (with(TJCCROSSLENGTH.L50) || with(TJCCROSSLENGTH.L49) || with(TJCCROSSLENGTH.L48) || with(TJCCROSSLENGTH.L47) || with(TJCCROSSLENGTH.L46) || with(TJCCROSSLENGTH.L45) || with(TJCCROSSLENGTH.L44) || with(TJCCROSSLENGTH.L43) || with(TJCCROSSLENGTH.L42) || with(TJCCROSSLENGTH.L41) || with(TJCCROSSLENGTH.L40) || with(TJCCROSSLENGTH.L39) || with(TJCCROSSLENGTH.L38) || with(TJCCROSSLENGTH.L37) || with(TJCCROSSLENGTH.L36) || with(TJCCROSSLENGTH.L35) || with(TJCCROSSLENGTH.L34) || with(TJCCROSSLENGTH.L33) || with(TJCCROSSLENGTH.L32) || with(TJCCROSSLENGTH.L31) || with(TJCCROSSLENGTH.L30) || with(TJCCROSSLENGTH.L29) || with(TJCCROSSLENGTH.L28) || with(TJCCROSSLENGTH.L27) || with(TJCCROSSLENGTH.L26) || with(TJCCROSSLENGTH.L25) || with(TJCCROSSLENGTH.L24) || with(TJCCROSSLENGTH.L23) || with(TJCCROSSLENGTH.L22) || with(TJCCROSSLENGTH.L21) || with(TJCCROSSLENGTH.L20) || with(TJCCROSSLENGTH.L19) || with(TJCCROSSLENGTH.L18) || with(TJCCROSSLENGTH.L17) || with(TJCCROSSLENGTH.L16) || with(TJCCROSSLENGTH.L15) || with(TJCCROSSLENGTH.L14) || with(TJCCROSSLENGTH.L13) || with(TJCCROSSLENGTH.L12) || with(TJCCROSSLENGTH.L11) || with(TJCCROSSLENGTH.L10) || with(TJCCROSSLENGTH.L9))",
					"z": 2
				},
				{
					"blockstate": "with(TJCCROSSTYPE.CROSS) && (with(TJCCROSSLENGTH.L50) || with(TJCCROSSLENGTH.L49) || with(TJCCROSSLENGTH.L48) || with(TJCCROSSLENGTH.L47) || with(TJCCROSSLENGTH.L46) || with(TJCCROSSLENGTH.L45) || with(TJCCROSSLENGTH.L44) || with(TJCCROSSLENGTH.L43) || with(TJCCROSSLENGTH.L42) || with(TJCCROSSLENGTH.L41) || with(TJCCROSSLENGTH.L40) || with(TJCCROSSLENGTH.L39) || with(TJCCROSSLENGTH.L38) || with(TJCCROSSLENGTH.L37) || with(TJCCROSSLENGTH.L36) || with(TJCCROSSLENGTH.L35) || with(TJCCROSSLENGTH.L34) || with(TJCCROSSLENGTH.L33) || with(TJCCROSSLENGTH.L32) || with(TJCCROSSLENGTH.L31) || with(TJCCROSSLENGTH.L30) || with(TJCCROSSLENGTH.L29) || with(TJCCROSSLENGTH.L28) || with(TJCCROSSLENGTH.L27) || with(TJCCROSSLENGTH.L26) || with(TJCCROSSLENGTH.L25) || with(TJCCROSSLENGTH.L24) || with(TJCCROSSLENGTH.L23) || with(TJCCROSSLENGTH.L22) || with(TJCCROSSLENGTH.L21) || with(TJCCROSSLENGTH.L20) || with(TJCCROSSLENGTH.L19) || with(TJCCROSSLENGTH.L18) || with(TJCCROSSLENGTH.L17) || with(TJCCROSSLENGTH.L16) || with(TJCCROSSLENGTH.L15) || with(TJCCROSSLENGTH.L14) || with(TJCCROSSLENGTH.L13) || with(TJCCROSSLENGTH.L12) || with(TJCCROSSLENGTH.L11) || with(TJCCROSSLENGTH.L10) || with(TJCCROSSLENGTH.L9))",
					"z": 3
				},
				{
					"blockstate": "with(TJCCROSSTYPE.CROSS) && (with(TJCCROSSLENGTH.L50) || with(TJCCROSSLENGTH.L49) || with(TJCCROSSLENGTH.L48) || with(TJCCROSSLENGTH.L47) || with(TJCCROSSLENGTH.L46) || with(TJCCROSSLENGTH.L45) || with(TJCCROSSLENGTH.L44) || with(TJCCROSSLENGTH.L43) || with(TJCCROSSLENGTH.L42) || with(TJCCROSSLENGTH.L41) || with(TJCCROSSLENGTH.L40) || with(TJCCROSSLENGTH.L39) || with(TJCCROSSLENGTH.L38) || with(TJCCROSSLENGTH.L37) || with(TJCCROSSLENGTH.L36) || with(TJCCROSSLENGTH.L35) || with(TJCCROSSLENGTH.L34) || with(TJCCROSSLENGTH.L33) || with(TJCCROSSLENGTH.L32) || with(TJCCROSSLENGTH.L31) || with(TJCCROSSLENGTH.L30) || with(TJCCROSSLENGTH.L29) || with(TJCCROSSLENGTH.L28) || with(TJCCROSSLENGTH.L27) || with(TJCCROSSLENGTH.L26) || with(TJCCROSSLENGTH.L25) || with(TJCCROSSLENGTH.L24) || with(TJCCROSSLENGTH.L23) || with(TJCCROSSLENGTH.L22) || with(TJCCROSSLENGTH.L21) || with(TJCCROSSLENGTH.L20) || with(TJCCROSSLENGTH.L19) || with(TJCCROSSLENGTH.L18) || with(TJCCROSSLENGTH.L17) || with(TJCCROSSLENGTH.L16) || with(TJCCROSSLENGTH.L15) || with(TJCCROSSLENGTH.L14) || with(TJCCROSSLENGTH.L13) || with(TJCCROSSLENGTH.L12) || with(TJCCROSSLENGTH.L11) || with(TJCCROSSLENGTH.L10) || with(TJCCROSSLENGTH.L9))",
					"z": 4
				},
				{
					"blockstate": "with(TJCCROSSTYPE.CROSS) && (with(TJCCROSSLENGTH.L50) || with(TJCCROSSLENGTH.L49) || with(TJCCROSSLENGTH.L48) || with(TJCCROSSLENGTH.L47) || with(TJCCROSSLENGTH.L46) || with(TJCCROSSLENGTH.L45) || with(TJCCROSSLENGTH.L44) || with(TJCCROSSLENGTH.L43) || with(TJCCROSSLENGTH.L42) || with(TJCCROSSLENGTH.L41) || with(TJCCROSSLENGTH.L40) || with(TJCCROSSLENGTH.L39) || with(TJCCROSSLENGTH.L38) || with(TJCCROSSLENGTH.L37) || with(TJCCROSSLENGTH.L36) || with(TJCCROSSLENGTH.L35) || with(TJCCROSSLENGTH.L34) || with(TJCCROSSLENGTH.L33) || with(TJCCROSSLENGTH.L32) || with(TJCCROSSLENGTH.L31) || with(TJCCROSSLENGTH.L30) || with(TJCCROSSLENGTH.L29) || with(TJCCROSSLENGTH.L28) || with(TJCCROSSLENGTH.L27) || with(TJCCROSSLENGTH.L26) || with(TJCCROSSLENGTH.L25) || with(TJCCROSSLENGTH.L24) || with(TJCCROSSLENGTH.L23) || with(TJCCROSSLENGTH.L22) || with(TJCCROSSLENGTH.L21) || with(TJCCROSSLENGTH.L20) || with(TJCCROSSLENGTH.L19) || with(TJCCROSSLENGTH.L18) || with(TJCCROSSLENGTH.L17) || with(TJCCROSSLENGTH.L16) || with(TJCCROSSLENGTH.L15) || with(TJCCROSSLENGTH.L14) || with(TJCCROSSLENGTH.L13) || with(TJCCROSSLENGTH.L12) || with(TJCCROSSLENGTH.L11) || with(TJCCROSSLENGTH.L10) || with(TJCCROSSLENGTH.L9))",
					"z": 5
				},
				{
					"blockstate": "with(TJCCROSSTYPE.CROSS) && (with(TJCCROSSLENGTH.L50) || with(TJCCROSSLENGTH.L49) || with(TJCCROSSLENGTH.L48) || with(TJCCROSSLENGTH.L47) || with(TJCCROSSLENGTH.L46) || with(TJCCROSSLENGTH.L45) || with(TJCCROSSLENGTH.L44) || with(TJCCROSSLENGTH.L43) || with(TJCCROSSLENGTH.L42) || with(TJCCROSSLENGTH.L41) || with(TJCCROSSLENGTH.L40) || with(TJCCROSSLENGTH.L39) || with(TJCCROSSLENGTH.L38) || with(TJCCROSSLENGTH.L37) || with(TJCCROSSLENGTH.L36) || with(TJCCROSSLENGTH.L35) || with(TJCCROSSLENGTH.L34) || with(TJCCROSSLENGTH.L33) || with(TJCCROSSLENGTH.L32) || with(TJCCROSSLENGTH.L31) || with(TJCCROSSLENGTH.L30) || with(TJCCROSSLENGTH.L29) || with(TJCCROSSLENGTH.L28) || with(TJCCROSSLENGTH.L27) || with(TJCCROSSLENGTH.L26) || with(TJCCROSSLENGTH.L25) || with(TJCCROSSLENGTH.L24) || with(TJCCROSSLENGTH.L23) || with(TJCCROSSLENGTH.L22) || with(TJCCROSSLENGTH.L21) || with(TJCCROSSLENGTH.L20) || with(TJCCROSSLENGTH.L19) || with(TJCCROSSLENGTH.L18) || with(TJCCROSSLENGTH.L17) || with(TJCCROSSLENGTH.L16) || with(TJCCROSSLENGTH.L15) || with(TJCCROSSLENGTH.L14) || with(TJCCROSSLENGTH.L13) || with(TJCCROSSLENGTH.L12) || with(TJCCROSSLENGTH.L11) || with(TJCCROSSLENGTH.L10) || with(TJCCROSSLENGTH.L9))",
					"z": 6
				},
				{
					"blockstate": "with(TJCCROSSTYPE.CROSS) && (with(TJCCROSSLENGTH.L50) || with(TJCCROSSLENGTH.L49) || with(TJCCROSSLENGTH.L48) || with(TJCCROSSLENGTH.L47) || with(TJCCROSSLENGTH.L46) || with(TJCCROSSLENGTH.L45) || with(TJCCROSSLENGTH.L44) || with(TJCCROSSLENGTH.L43) || with(TJCCROSSLENGTH.L42) || with(TJCCROSSLENGTH.L41) || with(TJCCROSSLENGTH.L40) || with(TJCCROSSLENGTH.L39) || with(TJCCROSSLENGTH.L38) || with(TJCCROSSLENGTH.L37) || with(TJCCROSSLENGTH.L36) || with(TJCCROSSLENGTH.L35) || with(TJCCROSSLENGTH.L34) || with(TJCCROSSLENGTH.L33) || with(TJCCROSSLENGTH.L32) || with(TJCCROSSLENGTH.L31) || with(TJCCROSSLENGTH.L30) || with(TJCCROSSLENGTH.L29) || with(TJCCROSSLENGTH.L28) || with(TJCCROSSLENGTH.L27) || with(TJCCROSSLENGTH.L26) || with(TJCCROSSLENGTH.L25) || with(TJCCROSSLENGTH.L24) || with(TJCCROSSLENGTH.L23) || with(TJCCROSSLENGTH.L22) || with(TJCCROSSLENGTH.L21) || with(TJCCROSSLENGTH.L20) || with(TJCCROSSLENGTH.L19) || with(TJCCROSSLENGTH.L18) || with(TJCCROSSLENGTH.L17) || with(TJCCROSSLENGTH.L16) || with(TJCCROSSLENGTH.L15) || with(TJCCROSSLENGTH.L14) || with(TJCCROSSLENGTH.L13) || with(TJCCROSSLENGTH.L12) || with(TJCCROSSLENGTH.L11) || with(TJCCROSSLENGTH.L10) || with(TJCCROSSLENGTH.L9))",
					"z": 7
				},
				{
					"blockstate": "with(TJCCROSSTYPE.CROSS) && (with(TJCCROSSLENGTH.L50) || with(TJCCROSSLENGTH.L49) || with(TJCCROSSLENGTH.L48) || with(TJCCROSSLENGTH.L47) || with(TJCCROSSLENGTH.L46) || with(TJCCROSSLENGTH.L45) || with(TJCCROSSLENGTH.L44) || with(TJCCROSSLENGTH.L43) || with(TJCCROSSLENGTH.L42) || with(TJCCROSSLENGTH.L41) || with(TJCCROSSLENGTH.L40) || with(TJCCROSSLENGTH.L39) || with(TJCCROSSLENGTH.L38) || with(TJCCROSSLENGTH.L37) || with(TJCCROSSLENGTH.L36) || with(TJCCROSSLENGTH.L35) || with(TJCCROSSLENGTH.L34) || with(TJCCROSSLENGTH.L33) || with(TJCCROSSLENGTH.L32) || with(TJCCROSSLENGTH.L31) || with(TJCCROSSLENGTH.L30) || with(TJCCROSSLENGTH.L29) || with(TJCCROSSLENGTH.L28) || with(TJCCROSSLENGTH.L27) || with(TJCCROSSLENGTH.L26) || with(TJCCROSSLENGTH.L25) || with(TJCCROSSLENGTH.L24) || with(TJCCROSSLENGTH.L23) || with(TJCCROSSLENGTH.L22) || with(TJCCROSSLENGTH.L21) || with(TJCCROSSLENGTH.L20) || with(TJCCROSSLENGTH.L19) || with(TJCCROSSLENGTH.L18) || with(TJCCROSSLENGTH.L17) || with(TJCCROSSLENGTH.L16) || with(TJCCROSSLENGTH.L15) || with(TJCCROSSLENGTH.L14) || with(TJCCROSSLENGTH.L13) || with(TJCCROSSLENGTH.L12) || with(TJCCROSSLENGTH.L11) || with(TJCCROSSLENGTH.L10) || with(TJCCROSSLENGTH.L9))",
					"z": 8
				},
				{
					"blockstate": "with(TJCCROSSTYPE.CROSS) && (with(TJCCROSSLENGTH.L50) || with(TJCCROSSLENGTH.L49) || with(TJCCROSSLENGTH.L48) || with(TJCCROSSLENGTH.L47) || with(TJCCROSSLENGTH.L46) || with(TJCCROSSLENGTH.L45) || with(TJCCROSSLENGTH.L44) || with(TJCCROSSLENGTH.L43) || with(TJCCROSSLENGTH.L42) || with(TJCCROSSLENGTH.L41) || with(TJCCROSSLENGTH.L40) || with(TJCCROSSLENGTH.L39) || with(TJCCROSSLENGTH.L38) || with(TJCCROSSLENGTH.L37) || with(TJCCROSSLENGTH.L36) || with(TJCCROSSLENGTH.L35) || with(TJCCROSSLENGTH.L34) || with(TJCCROSSLENGTH.L33) || with(TJCCROSSLENGTH.L32) || with(TJCCROSSLENGTH.L31) || with(TJCCROSSLENGTH.L30) || with(TJCCROSSLENGTH.L29) || with(TJCCROSSLENGTH.L28) || with(TJCCROSSLENGTH.L27) || with(TJCCROSSLENGTH.L26) || with(TJCCROSSLENGTH.L25) || with(TJCCROSSLENGTH.L24) || with(TJCCROSSLENGTH.L23) || with(TJCCROSSLENGTH.L22) || with(TJCCROSSLENGTH.L21) || with(TJCCROSSLENGTH.L20) || with(TJCCROSSLENGTH.L19) || with(TJCCROSSLENGTH.L18) || with(TJCCROSSLENGTH.L17) || with(TJCCROSSLENGTH.L16) || with(TJCCROSSLENGTH.L15) || with(TJCCROSSLENGTH.L14) || with(TJCCROSSLENGTH.L13) || with(TJCCROSSLENGTH.L12) || with(TJCCROSSLENGTH.L11) || with(TJCCROSSLENGTH.L10) || with(TJCCROSSLENGTH.L9))",
					"z": 9
				},
				{
					"blockstate": "with(TJCCROSSTYPE.CROSS) && (with(TJCCROSSLENGTH.L50) || with(TJCCROSSLENGTH.L49) || with(TJCCROSSLENGTH.L48) || with(TJCCROSSLENGTH.L47) || with(TJCCROSSLENGTH.L46) || with(TJCCROSSLENGTH.L45) || with(TJCCROSSLENGTH.L44) || with(TJCCROSSLENGTH.L43) || with(TJCCROSSLENGTH.L42) || with(TJCCROSSLENGTH.L41) || with(TJCCROSSLENGTH.L40) || with(TJCCROSSLENGTH.L39) || with(TJCCROSSLENGTH.L38) || with(TJCCROSSLENGTH.L37) || with(TJCCROSSLENGTH.L36) || with(TJCCROSSLENGTH.L35) || with(TJCCROSSLENGTH.L34) || with(TJCCROSSLENGTH.L33) || with(TJCCROSSLENGTH.L32) || with(TJCCROSSLENGTH.L31) || with(TJCCROSSLENGTH.L30) || with(TJCCROSSLENGTH.L29) || with(TJCCROSSLENGTH.L28) || with(TJCCROSSLENGTH.L27) || with(TJCCROSSLENGTH.L26) || with(TJCCROSSLENGTH.L25) || with(TJCCROSSLENGTH.L24) || with(TJCCROSSLENGTH.L23) || with(TJCCROSSLENGTH.L22) || with(TJCCROSSLENGTH.L21) || with(TJCCROSSLENGTH.L20) || with(TJCCROSSLENGTH.L19) || with(TJCCROSSLENGTH.L18) || with(TJCCROSSLENGTH.L17) || with(TJCCROSSLENGTH.L16) || with(TJCCROSSLENGTH.L15) || with(TJCCROSSLENGTH.L14) || with(TJCCROSSLENGTH.L13) || with(TJCCROSSLENGTH.L12) || with(TJCCROSSLENGTH.L11) || with(TJCCROSSLENGTH.L10))",
					"z": 10
				},
				{
					"blockstate": "with(TJCCROSSTYPE.CROSS) && (with(TJCCROSSLENGTH.L50) || with(TJCCROSSLENGTH.L49) || with(TJCCROSSLENGTH.L48) || with(TJCCROSSLENGTH.L47) || with(TJCCROSSLENGTH.L46) || with(TJCCROSSLENGTH.L45) || with(TJCCROSSLENGTH.L44) || with(TJCCROSSLENGTH.L43) || with(TJCCROSSLENGTH.L42) || with(TJCCROSSLENGTH.L41) || with(TJCCROSSLENGTH.L40) || with(TJCCROSSLENGTH.L39) || with(TJCCROSSLENGTH.L38) || with(TJCCROSSLENGTH.L37) || with(TJCCROSSLENGTH.L36) || with(TJCCROSSLENGTH.L35) || with(TJCCROSSLENGTH.L34) || with(TJCCROSSLENGTH.L33) || with(TJCCROSSLENGTH.L32) || with(TJCCROSSLENGTH.L31) || with(TJCCROSSLENGTH.L30) || with(TJCCROSSLENGTH.L29) || with(TJCCROSSLENGTH.L28) || with(TJCCROSSLENGTH.L27) || with(TJCCROSSLENGTH.L26) || with(TJCCROSSLENGTH.L25) || with(TJCCROSSLENGTH.L24) || with(TJCCROSSLENGTH.L23) || with(TJCCROSSLENGTH.L22) || with(TJCCROSSLENGTH.L21) || with(TJCCROSSLENGTH.L20) || with(TJCCROSSLENGTH.L19) || with(TJCCROSSLENGTH.L18) || with(TJCCROSSLENGTH.L17) || with(TJCCROSSLENGTH.L16) || with(TJCCROSSLENGTH.L15) || with(TJCCROSSLENGTH.L14) || with(TJCCROSSLENGTH.L13) || with(TJCCROSSLENGTH.L12) || with(TJCCROSSLENGTH.L11))",
					"z": 11
				},
				{
					"blockstate": "with(TJCCROSSTYPE.CROSS) && (with(TJCCROSSLENGTH.L50) || with(TJCCROSSLENGTH.L49) || with(TJCCROSSLENGTH.L48) || with(TJCCROSSLENGTH.L47) || with(TJCCROSSLENGTH.L46) || with(TJCCROSSLENGTH.L45) || with(TJCCROSSLENGTH.L44) || with(TJCCROSSLENGTH.L43) || with(TJCCROSSLENGTH.L42) || with(TJCCROSSLENGTH.L41) || with(TJCCROSSLENGTH.L40) || with(TJCCROSSLENGTH.L39) || with(TJCCROSSLENGTH.L38) || with(TJCCROSSLENGTH.L37) || with(TJCCROSSLENGTH.L36) || with(TJCCROSSLENGTH.L35) || with(TJCCROSSLENGTH.L34) || with(TJCCROSSLENGTH.L33) || with(TJCCROSSLENGTH.L32) || with(TJCCROSSLENGTH.L31) || with(TJCCROSSLENGTH.L30) || with(TJCCROSSLENGTH.L29) || with(TJCCROSSLENGTH.L28) || with(TJCCROSSLENGTH.L27) || with(TJCCROSSLENGTH.L26) || with(TJCCROSSLENGTH.L25) || with(TJCCROSSLENGTH.L24) || with(TJCCROSSLENGTH.L23) || with(TJCCROSSLENGTH.L22) || with(TJCCROSSLENGTH.L21) || with(TJCCROSSLENGTH.L20) || with(TJCCROSSLENGTH.L19) || with(TJCCROSSLENGTH.L18) || with(TJCCROSSLENGTH.L17) || with(TJCCROSSLENGTH.L16) || with(TJCCROSSLENGTH.L15) || with(TJCCROSSLENGTH.L14) || with(TJCCROSSLENGTH.L13) || with(TJCCROSSLENGTH.L12))",
					"z": 12
				},
				{
					"blockstate": "with(TJCCROSSTYPE.CROSS) && (with(TJCCROSSLENGTH.L50) || with(TJCCROSSLENGTH.L49) || with(TJCCROSSLENGTH.L48) || with(TJCCROSSLENGTH.L47) || with(TJCCROSSLENGTH.L46) || with(TJCCROSSLENGTH.L45) || with(TJCCROSSLENGTH.L44) || with(TJCCROSSLENGTH.L43) || with(TJCCROSSLENGTH.L42) || with(TJCCROSSLENGTH.L41) || with(TJCCROSSLENGTH.L40) || with(TJCCROSSLENGTH.L39) || with(TJCCROSSLENGTH.L38) || with(TJCCROSSLENGTH.L37) || with(TJCCROSSLENGTH.L36) || with(TJCCROSSLENGTH.L35) || with(TJCCROSSLENGTH.L34) || with(TJCCROSSLENGTH.L33) || with(TJCCROSSLENGTH.L32) || with(TJCCROSSLENGTH.L31) || with(TJCCROSSLENGTH.L30) || with(TJCCROSSLENGTH.L29) || with(TJCCROSSLENGTH.L28) || with(TJCCROSSLENGTH.L27) || with(TJCCROSSLENGTH.L26) || with(TJCCROSSLENGTH.L25) || with(TJCCROSSLENGTH.L24) || with(TJCCROSSLENGTH.L23) || with(TJCCROSSLENGTH.L22) || with(TJCCROSSLENGTH.L21) || with(TJCCROSSLENGTH.L20) || with(TJCCROSSLENGTH.L19) || with(TJCCROSSLENGTH.L18) || with(TJCCROSSLENGTH.L17) || with(TJCCROSSLENGTH.L16) || with(TJCCROSSLENGTH.L15) || with(TJCCROSSLENGTH.L14) || with(TJCCROSSLENGTH.L13))",
					"z": 13
				},
				{
					"blockstate": "with(TJCCROSSTYPE.CROSS) && (with(TJCCROSSLENGTH.L50) || with(TJCCROSSLENGTH.L49) || with(TJCCROSSLENGTH.L48) || with(TJCCROSSLENGTH.L47) || with(TJCCROSSLENGTH.L46) || with(TJCCROSSLENGTH.L45) || with(TJCCROSSLENGTH.L44) || with(TJCCROSSLENGTH.L43) || with(TJCCROSSLENGTH.L42) || with(TJCCROSSLENGTH.L41) || with(TJCCROSSLENGTH.L40) || with(TJCCROSSLENGTH.L39) || with(TJCCROSSLENGTH.L38) || with(TJCCROSSLENGTH.L37) || with(TJCCROSSLENGTH.L36) || with(TJCCROSSLENGTH.L35) || with(TJCCROSSLENGTH.L34) || with(TJCCROSSLENGTH.L33) || with(TJCCROSSLENGTH.L32) || with(TJCCROSSLENGTH.L31) || with(TJCCROSSLENGTH.L30) || with(TJCCROSSLENGTH.L29) || with(TJCCROSSLENGTH.L28) || with(TJCCROSSLENGTH.L27) || with(TJCCROSSLENGTH.L26) || with(TJCCROSSLENGTH.L25) || with(TJCCROSSLENGTH.L24) || with(TJCCROSSLENGTH.L23) || with(TJCCROSSLENGTH.L22) || with(TJCCROSSLENGTH.L21) || with(TJCCROSSLENGTH.L20) || with(TJCCROSSLENGTH.L19) || with(TJCCROSSLENGTH.L18) || with(TJCCROSSLENGTH.L17) || with(TJCCROSSLENGTH.L16) || with(TJCCROSSLENGTH.L15) || with(TJCCROSSLENGTH.L14))",
					"z": 14
				},
				{
					"blockstate": "with(TJCCROSSTYPE.CROSS) && (with(TJCCROSSLENGTH.L50) || with(TJCCROSSLENGTH.L49) || with(TJCCROSSLENGTH.L48) || with(TJCCROSSLENGTH.L47) || with(TJCCROSSLENGTH.L46) || with(TJCCROSSLENGTH.L45) || with(TJCCROSSLENGTH.L44) || with(TJCCROSSLENGTH.L43) || with(TJCCROSSLENGTH.L42) || with(TJCCROSSLENGTH.L41) || with(TJCCROSSLENGTH.L40) || with(TJCCROSSLENGTH.L39) || with(TJCCROSSLENGTH.L38) || with(TJCCROSSLENGTH.L37) || with(TJCCROSSLENGTH.L36) || with(TJCCROSSLENGTH.L35) || with(TJCCROSSLENGTH.L34) || with(TJCCROSSLENGTH.L33) || with(TJCCROSSLENGTH.L32) || with(TJCCROSSLENGTH.L31) || with(TJCCROSSLENGTH.L30) || with(TJCCROSSLENGTH.L29) || with(TJCCROSSLENGTH.L28) || with(TJCCROSSLENGTH.L27) || with(TJCCROSSLENGTH.L26) || with(TJCCROSSLENGTH.L25) || with(TJCCROSSLENGTH.L24) || with(TJCCROSSLENGTH.L23) || with(TJCCROSSLENGTH.L22) || with(TJCCROSSLENGTH.L21) || with(TJCCROSSLENGTH.L20) || with(TJCCROSSLENGTH.L19) || with(TJCCROSSLENGTH.L18) || with(TJCCROSSLENGTH.L17) || with(TJCCROSSLENGTH.L16) || with(TJCCROSSLENGTH.L15))",
					"z": 15
				},
				{
					"blockstate": "with(TJCCROSSTYPE.CROSS) && (with(TJCCROSSLENGTH.L50) || with(TJCCROSSLENGTH.L49) || with(TJCCROSSLENGTH.L48) || with(TJCCROSSLENGTH.L47) || with(TJCCROSSLENGTH.L46) || with(TJCCROSSLENGTH.L45) || with(TJCCROSSLENGTH.L44) || with(TJCCROSSLENGTH.L43) || with(TJCCROSSLENGTH.L42) || with(TJCCROSSLENGTH.L41) || with(TJCCROSSLENGTH.L40) || with(TJCCROSSLENGTH.L39) || with(TJCCROSSLENGTH.L38) || with(TJCCROSSLENGTH.L37) || with(TJCCROSSLENGTH.L36) || with(TJCCROSSLENGTH.L35) || with(TJCCROSSLENGTH.L34) || with(TJCCROSSLENGTH.L33) || with(TJCCROSSLENGTH.L32) || with(TJCCROSSLENGTH.L31) || with(TJCCROSSLENGTH.L30) || with(TJCCROSSLENGTH.L29) || with(TJCCROSSLENGTH.L28) || with(TJCCROSSLENGTH.L27) || with(TJCCROSSLENGTH.L26) || with(TJCCROSSLENGTH.L25) || with(TJCCROSSLENGTH.L24) || with(TJCCROSSLENGTH.L23) || with(TJCCROSSLENGTH.L22) || with(TJCCROSSLENGTH.L21) || with(TJCCROSSLENGTH.L20) || with(TJCCROSSLENGTH.L19) || with(TJCCROSSLENGTH.L18) || with(TJCCROSSLENGTH.L17) || with(TJCCROSSLENGTH.L16))",
					"z": 16
				},
				{
					"blockstate": "with(TJCCROSSTYPE.CROSS) && (with(TJCCROSSLENGTH.L50) || with(TJCCROSSLENGTH.L49) || with(TJCCROSSLENGTH.L48) || with(TJCCROSSLENGTH.L47) || with(TJCCROSSLENGTH.L46) || with(TJCCROSSLENGTH.L45) || with(TJCCROSSLENGTH.L44) || with(TJCCROSSLENGTH.L43) || with(TJCCROSSLENGTH.L42) || with(TJCCROSSLENGTH.L41) || with(TJCCROSSLENGTH.L40) || with(TJCCROSSLENGTH.L39) || with(TJCCROSSLENGTH.L38) || with(TJCCROSSLENGTH.L37) || with(TJCCROSSLENGTH.L36) || with(TJCCROSSLENGTH.L35) || with(TJCCROSSLENGTH.L34) || with(TJCCROSSLENGTH.L33) || with(TJCCROSSLENGTH.L32) || with(TJCCROSSLENGTH.L31) || with(TJCCROSSLENGTH.L30) || with(TJCCROSSLENGTH.L29) || with(TJCCROSSLENGTH.L28) || with(TJCCROSSLENGTH.L27) || with(TJCCROSSLENGTH.L26) || with(TJCCROSSLENGTH.L25) || with(TJCCROSSLENGTH.L24) || with(TJCCROSSLENGTH.L23) || with(TJCCROSSLENGTH.L22) || with(TJCCROSSLENGTH.L21) || with(TJCCROSSLENGTH.L20) || with(TJCCROSSLENGTH.L19) || with(TJCCROSSLENGTH.L18) || with(TJCCROSSLENGTH.L17))",
					"z": 17
				},
				{
					"blockstate": "with(TJCCROSSTYPE.CROSS) && (with(TJCCROSSLENGTH.L50) || with(TJCCROSSLENGTH.L49) || with(TJCCROSSLENGTH.L48) || with(TJCCROSSLENGTH.L47) || with(TJCCROSSLENGTH.L46) || with(TJCCROSSLENGTH.L45) || with(TJCCROSSLENGTH.L44) || with(TJCCROSSLENGTH.L43) || with(TJCCROSSLENGTH.L42) || with(TJCCROSSLENGTH.L41) || with(TJCCROSSLENGTH.L40) || with(TJCCROSSLENGTH.L39) || with(TJCCROSSLENGTH.L38) || with(TJCCROSSLENGTH.L37) || with(TJCCROSSLENGTH.L36) || with(TJCCROSSLENGTH.L35) || with(TJCCROSSLENGTH.L34) || with(TJCCROSSLENGTH.L33) || with(TJCCROSSLENGTH.L32) || with(TJCCROSSLENGTH.L31) || with(TJCCROSSLENGTH.L30) || with(TJCCROSSLENGTH.L29) || with(TJCCROSSLENGTH.L28) || with(TJCCROSSLENGTH.L27) || with(TJCCROSSLENGTH.L26) || with(TJCCROSSLENGTH.L25) || with(TJCCROSSLENGTH.L24) || with(TJCCROSSLENGTH.L23) || with(TJCCROSSLENGTH.L22) || with(TJCCROSSLENGTH.L21) || with(TJCCROSSLENGTH.L20) || with(TJCCROSSLENGTH.L19) || with(TJCCROSSLENGTH.L18))",
					"z": 18
				},
				{
					"blockstate": "with(TJCCROSSTYPE.CROSS) && (with(TJCCROSSLENGTH.L50) || with(TJCCROSSLENGTH.L49) || with(TJCCROSSLENGTH.L48) || with(TJCCROSSLENGTH.L47) || with(TJCCROSSLENGTH.L46) || with(TJCCROSSLENGTH.L45) || with(TJCCROSSLENGTH.L44) || with(TJCCROSSLENGTH.L43) || with(TJCCROSSLENGTH.L42) || with(TJCCROSSLENGTH.L41) || with(TJCCROSSLENGTH.L40) || with(TJCCROSSLENGTH.L39) || with(TJCCROSSLENGTH.L38) || with(TJCCROSSLENGTH.L37) || with(TJCCROSSLENGTH.L36) || with(TJCCROSSLENGTH.L35) || with(TJCCROSSLENGTH.L34) || with(TJCCROSSLENGTH.L33) || with(TJCCROSSLENGTH.L32) || with(TJCCROSSLENGTH.L31) || with(TJCCROSSLENGTH.L30) || with(TJCCROSSLENGTH.L29) || with(TJCCROSSLENGTH.L28) || with(TJCCROSSLENGTH.L27) || with(TJCCROSSLENGTH.L26) || with(TJCCROSSLENGTH.L25) || with(TJCCROSSLENGTH.L24) || with(TJCCROSSLENGTH.L23) || with(TJCCROSSLENGTH.L22) || with(TJCCROSSLENGTH.L21) || with(TJCCROSSLENGTH.L20) || with(TJCCROSSLENGTH.L19))",
					"z": 19
				},
				{
					"blockstate": "with(TJCCROSSTYPE.CROSS) && (with(TJCCROSSLENGTH.L50) || with(TJCCROSSLENGTH.L49) || with(TJCCROSSLENGTH.L48) || with(TJCCROSSLENGTH.L47) || with(TJCCROSSLENGTH.L46) || with(TJCCROSSLENGTH.L45) || with(TJCCROSSLENGTH.L44) || with(TJCCROSSLENGTH.L43) || with(TJCCROSSLENGTH.L42) || with(TJCCROSSLENGTH.L41) || with(TJCCROSSLENGTH.L40) || with(TJCCROSSLENGTH.L39) || with(TJCCROSSLENGTH.L38) || with(TJCCROSSLENGTH.L37) || with(TJCCROSSLENGTH.L36) || with(TJCCROSSLENGTH.L35) || with(TJCCROSSLENGTH.L34) || with(TJCCROSSLENGTH.L33) || with(TJCCROSSLENGTH.L32) || with(TJCCROSSLENGTH.L31) || with(TJCCROSSLENGTH.L30) || with(TJCCROSSLENGTH.L29) || with(TJCCROSSLENGTH.L28) || with(TJCCROSSLENGTH.L27) || with(TJCCROSSLENGTH.L26) || with(TJCCROSSLENGTH.L25) || with(TJCCROSSLENGTH.L24) || with(TJCCROSSLENGTH.L23) || with(TJCCROSSLENGTH.L22) || with(TJCCROSSLENGTH.L21) || with(TJCCROSSLENGTH.L20))",
					"z": 20
				},
				{
					"blockstate": "with(TJCCROSSTYPE.CROSS) && (with(TJCCROSSLENGTH.L50) || with(TJCCROSSLENGTH.L49) || with(TJCCROSSLENGTH.L48) || with(TJCCROSSLENGTH.L47) || with(TJCCROSSLENGTH.L46) || with(TJCCROSSLENGTH.L45) || with(TJCCROSSLENGTH.L44) || with(TJCCROSSLENGTH.L43) || with(TJCCROSSLENGTH.L42) || with(TJCCROSSLENGTH.L41) || with(TJCCROSSLENGTH.L40) || with(TJCCROSSLENGTH.L39) || with(TJCCROSSLENGTH.L38) || with(TJCCROSSLENGTH.L37) || with(TJCCROSSLENGTH.L36) || with(TJCCROSSLENGTH.L35) || with(TJCCROSSLENGTH.L34) || with(TJCCROSSLENGTH.L33) || with(TJCCROSSLENGTH.L32) || with(TJCCROSSLENGTH.L31) || with(TJCCROSSLENGTH.L30) || with(TJCCROSSLENGTH.L29) || with(TJCCROSSLENGTH.L28) || with(TJCCROSSLENGTH.L27) || with(TJCCROSSLENGTH.L26) || with(TJCCROSSLENGTH.L25) || with(TJCCROSSLENGTH.L24) || with(TJCCROSSLENGTH.L23) || with(TJCCROSSLENGTH.L22) || with(TJCCROSSLENGTH.L21))",
					"z": 21
				},
				{
					"blockstate": "with(TJCCROSSTYPE.CROSS) && (with(TJCCROSSLENGTH.L50) || with(TJCCROSSLENGTH.L49) || with(TJCCROSSLENGTH.L48) || with(TJCCROSSLENGTH.L47) || with(TJCCROSSLENGTH.L46) || with(TJCCROSSLENGTH.L45) || with(TJCCROSSLENGTH.L44) || with(TJCCROSSLENGTH.L43) || with(TJCCROSSLENGTH.L42) || with(TJCCROSSLENGTH.L41) || with(TJCCROSSLENGTH.L40) || with(TJCCROSSLENGTH.L39) || with(TJCCROSSLENGTH.L38) || with(TJCCROSSLENGTH.L37) || with(TJCCROSSLENGTH.L36) || with(TJCCROSSLENGTH.L35) || with(TJCCROSSLENGTH.L34) || with(TJCCROSSLENGTH.L33) || with(TJCCROSSLENGTH.L32) || with(TJCCROSSLENGTH.L31) || with(TJCCROSSLENGTH.L30) || with(TJCCROSSLENGTH.L29) || with(TJCCROSSLENGTH.L28) || with(TJCCROSSLENGTH.L27) || with(TJCCROSSLENGTH.L26) || with(TJCCROSSLENGTH.L25) || with(TJCCROSSLENGTH.L24) || with(TJCCROSSLENGTH.L23) || with(TJCCROSSLENGTH.L22))",
					"z": 22
				},
				{
					"blockstate": "with(TJCCROSSTYPE.CROSS) && (with(TJCCROSSLENGTH.L50) || with(TJCCROSSLENGTH.L49) || with(TJCCROSSLENGTH.L48) || with(TJCCROSSLENGTH.L47) || with(TJCCROSSLENGTH.L46) || with(TJCCROSSLENGTH.L45) || with(TJCCROSSLENGTH.L44) || with(TJCCROSSLENGTH.L43) || with(TJCCROSSLENGTH.L42) || with(TJCCROSSLENGTH.L41) || with(TJCCROSSLENGTH.L40) || with(TJCCROSSLENGTH.L39) || with(TJCCROSSLENGTH.L38) || with(TJCCROSSLENGTH.L37) || with(TJCCROSSLENGTH.L36) || with(TJCCROSSLENGTH.L35) || with(TJCCROSSLENGTH.L34) || with(TJCCROSSLENGTH.L33) || with(TJCCROSSLENGTH.L32) || with(TJCCROSSLENGTH.L31) || with(TJCCROSSLENGTH.L30) || with(TJCCROSSLENGTH.L29) || with(TJCCROSSLENGTH.L28) || with(TJCCROSSLENGTH.L27) || with(TJCCROSSLENGTH.L26) || with(TJCCROSSLENGTH.L25) || with(TJCCROSSLENGTH.L24) || with(TJCCROSSLENGTH.L23))",
					"z": 23
				},
				{
					"blockstate": "with(TJCCROSSTYPE.CROSS) && (with(TJCCROSSLENGTH.L50) || with(TJCCROSSLENGTH.L49) || with(TJCCROSSLENGTH.L48) || with(TJCCROSSLENGTH.L47) || with(TJCCROSSLENGTH.L46) || with(TJCCROSSLENGTH.L45) || with(TJCCROSSLENGTH.L44) || with(TJCCROSSLENGTH.L43) || with(TJCCROSSLENGTH.L42) || with(TJCCROSSLENGTH.L41) || with(TJCCROSSLENGTH.L40) || with(TJCCROSSLENGTH.L39) || with(TJCCROSSLENGTH.L38) || with(TJCCROSSLENGTH.L37) || with(TJCCROSSLENGTH.L36) || with(TJCCROSSLENGTH.L35) || with(TJCCROSSLENGTH.L34) || with(TJCCROSSLENGTH.L33) || with(TJCCROSSLENGTH.L32) || with(TJCCROSSLENGTH.L31) || with(TJCCROSSLENGTH.L30) || with(TJCCROSSLENGTH.L29) || with(TJCCROSSLENGTH.L28) || with(TJCCROSSLENGTH.L27) || with(TJCCROSSLENGTH.L26) || with(TJCCROSSLENGTH.L25) || with(TJCCROSSLENGTH.L24))",
					"z": 24
				},
				{
					"blockstate": "with(TJCCROSSTYPE.CROSS) && (with(TJCCROSSLENGTH.L50) || with(TJCCROSSLENGTH.L49) || with(TJCCROSSLENGTH.L48) || with(TJCCROSSLENGTH.L47) || with(TJCCROSSLENGTH.L46) || with(TJCCROSSLENGTH.L45) || with(TJCCROSSLENGTH.L44) || with(TJCCROSSLENGTH.L43) || with(TJCCROSSLENGTH.L42) || with(TJCCROSSLENGTH.L41) || with(TJCCROSSLENGTH.L40) || with(TJCCROSSLENGTH.L39) || with(TJCCROSSLENGTH.L38) || with(TJCCROSSLENGTH.L37) || with(TJCCROSSLENGTH.L36) || with(TJCCROSSLENGTH.L35) || with(TJCCROSSLENGTH.L34) || with(TJCCROSSLENGTH.L33) || with(TJCCROSSLENGTH.L32) || with(TJCCROSSLENGTH.L31) || with(TJCCROSSLENGTH.L30) || with(TJCCROSSLENGTH.L29) || with(TJCCROSSLENGTH.L28) || with(TJCCROSSLENGTH.L27) || with(TJCCROSSLENGTH.L26) || with(TJCCROSSLENGTH.L25))",
					"z": 25
				},
				{
					"blockstate": "with(TJCCROSSTYPE.CROSS) && (with(TJCCROSSLENGTH.L50) || with(TJCCROSSLENGTH.L49) || with(TJCCROSSLENGTH.L48) || with(TJCCROSSLENGTH.L47) || with(TJCCROSSLENGTH.L46) || with(TJCCROSSLENGTH.L45) || with(TJCCROSSLENGTH.L44) || with(TJCCROSSLENGTH.L43) || with(TJCCROSSLENGTH.L42) || with(TJCCROSSLENGTH.L41) || with(TJCCROSSLENGTH.L40) || with(TJCCROSSLENGTH.L39) || with(TJCCROSSLENGTH.L38) || with(TJCCROSSLENGTH.L37) || with(TJCCROSSLENGTH.L36) || with(TJCCROSSLENGTH.L35) || with(TJCCROSSLENGTH.L34) || with(TJCCROSSLENGTH.L33) || with(TJCCROSSLENGTH.L32) || with(TJCCROSSLENGTH.L31) || with(TJCCROSSLENGTH.L30) || with(TJCCROSSLENGTH.L29) || with(TJCCROSSLENGTH.L28) || with(TJCCROSSLENGTH.L27) || with(TJCCROSSLENGTH.L26))",
					"z": 26
				},
				{
					"blockstate": "with(TJCCROSSTYPE.CROSS) && (with(TJCCROSSLENGTH.L50) || with(TJCCROSSLENGTH.L49) || with(TJCCROSSLENGTH.L48) || with(TJCCROSSLENGTH.L47) || with(TJCCROSSLENGTH.L46) || with(TJCCROSSLENGTH.L45) || with(TJCCROSSLENGTH.L44) || with(TJCCROSSLENGTH.L43) || with(TJCCROSSLENGTH.L42) || with(TJCCROSSLENGTH.L41) || with(TJCCROSSLENGTH.L40) || with(TJCCROSSLENGTH.L39) || with(TJCCROSSLENGTH.L38) || with(TJCCROSSLENGTH.L37) || with(TJCCROSSLENGTH.L36) || with(TJCCROSSLENGTH.L35) || with(TJCCROSSLENGTH.L34) || with(TJCCROSSLENGTH.L33) || with(TJCCROSSLENGTH.L32) || with(TJCCROSSLENGTH.L31) || with(TJCCROSSLENGTH.L30) || with(TJCCROSSLENGTH.L29) || with(TJCCROSSLENGTH.L28) || with(TJCCROSSLENGTH.L27))",
					"z": 27
				},
				{
					"blockstate": "with(TJCCROSSTYPE.CROSS) && (with(TJCCROSSLENGTH.L50) || with(TJCCROSSLENGTH.L49) || with(TJCCROSSLENGTH.L48) || with(TJCCROSSLENGTH.L47) || with(TJCCROSSLENGTH.L46) || with(TJCCROSSLENGTH.L45) || with(TJCCROSSLENGTH.L44) || with(TJCCROSSLENGTH.L43) || with(TJCCROSSLENGTH.L42) || with(TJCCROSSLENGTH.L41) || with(TJCCROSSLENGTH.L40) || with(TJCCROSSLENGTH.L39) || with(TJCCROSSLENGTH.L38) || with(TJCCROSSLENGTH.L37) || with(TJCCROSSLENGTH.L36) || with(TJCCROSSLENGTH.L35) || with(TJCCROSSLENGTH.L34) || with(TJCCROSSLENGTH.L33) || with(TJCCROSSLENGTH.L32) || with(TJCCROSSLENGTH.L31) || with(TJCCROSSLENGTH.L30) || with(TJCCROSSLENGTH.L29) || with(TJCCROSSLENGTH.L28))",
					"z": 28
				},
				{
					"blockstate": "with(TJCCROSSTYPE.CROSS) && (with(TJCCROSSLENGTH.L50) || with(TJCCROSSLENGTH.L49) || with(TJCCROSSLENGTH.L48) || with(TJCCROSSLENGTH.L47) || with(TJCCROSSLENGTH.L46) || with(TJCCROSSLENGTH.L45) || with(TJCCROSSLENGTH.L44) || with(TJCCROSSLENGTH.L43) || with(TJCCROSSLENGTH.L42) || with(TJCCROSSLENGTH.L41) || with(TJCCROSSLENGTH.L40) || with(TJCCROSSLENGTH.L39) || with(TJCCROSSLENGTH.L38) || with(TJCCROSSLENGTH.L37) || with(TJCCROSSLENGTH.L36) || with(TJCCROSSLENGTH.L35) || with(TJCCROSSLENGTH.L34) || with(TJCCROSSLENGTH.L33) || with(TJCCROSSLENGTH.L32) || with(TJCCROSSLENGTH.L31) || with(TJCCROSSLENGTH.L30) || with(TJCCROSSLENGTH.L29))",
					"z": 29
				},
				{
					"blockstate": "with(TJCCROSSTYPE.CROSS) && (with(TJCCROSSLENGTH.L50) || with(TJCCROSSLENGTH.L49) || with(TJCCROSSLENGTH.L48) || with(TJCCROSSLENGTH.L47) || with(TJCCROSSLENGTH.L46) || with(TJCCROSSLENGTH.L45) || with(TJCCROSSLENGTH.L44) || with(TJCCROSSLENGTH.L43) || with(TJCCROSSLENGTH.L42) || with(TJCCROSSLENGTH.L41) || with(TJCCROSSLENGTH.L40) || with(TJCCROSSLENGTH.L39) || with(TJCCROSSLENGTH.L38) || with(TJCCROSSLENGTH.L37) || with(TJCCROSSLENGTH.L36) || with(TJCCROSSLENGTH.L35) || with(TJCCROSSLENGTH.L34) || with(TJCCROSSLENGTH.L33) || with(TJCCROSSLENGTH.L32) || with(TJCCROSSLENGTH.L31) || with(TJCCROSSLENGTH.L30))",
					"z": 30
				},
				{
					"blockstate": "with(TJCCROSSTYPE.CROSS) && (with(TJCCROSSLENGTH.L50) || with(TJCCROSSLENGTH.L49) || with(TJCCROSSLENGTH.L48) || with(TJCCROSSLENGTH.L47) || with(TJCCROSSLENGTH.L46) || with(TJCCROSSLENGTH.L45) || with(TJCCROSSLENGTH.L44) || with(TJCCROSSLENGTH.L43) || with(TJCCROSSLENGTH.L42) || with(TJCCROSSLENGTH.L41) || with(TJCCROSSLENGTH.L40) || with(TJCCROSSLENGTH.L39) || with(TJCCROSSLENGTH.L38) || with(TJCCROSSLENGTH.L37) || with(TJCCROSSLENGTH.L36) || with(TJCCROSSLENGTH.L35) || with(TJCCROSSLENGTH.L34) || with(TJCCROSSLENGTH.L33) || with(TJCCROSSLENGTH.L32) || with(TJCCROSSLENGTH.L31))",
					"z": 31
				},
				{
					"blockstate": "with(TJCCROSSTYPE.CROSS) && (with(TJCCROSSLENGTH.L50) || with(TJCCROSSLENGTH.L49) || with(TJCCROSSLENGTH.L48) || with(TJCCROSSLENGTH.L47) || with(TJCCROSSLENGTH.L46) || with(TJCCROSSLENGTH.L45) || with(TJCCROSSLENGTH.L44) || with(TJCCROSSLENGTH.L43) || with(TJCCROSSLENGTH.L42) || with(TJCCROSSLENGTH.L41) || with(TJCCROSSLENGTH.L40) || with(TJCCROSSLENGTH.L39) || with(TJCCROSSLENGTH.L38) || with(TJCCROSSLENGTH.L37) || with(TJCCROSSLENGTH.L36) || with(TJCCROSSLENGTH.L35) || with(TJCCROSSLENGTH.L34) || with(TJCCROSSLENGTH.L33) || with(TJCCROSSLENGTH.L32))",
					"z": 32
				},
				{
					"blockstate": "with(TJCCROSSTYPE.CROSS) && (with(TJCCROSSLENGTH.L50) || with(TJCCROSSLENGTH.L49) || with(TJCCROSSLENGTH.L48) || with(TJCCROSSLENGTH.L47) || with(TJCCROSSLENGTH.L46) || with(TJCCROSSLENGTH.L45) || with(TJCCROSSLENGTH.L44) || with(TJCCROSSLENGTH.L43) || with(TJCCROSSLENGTH.L42) || with(TJCCROSSLENGTH.L41) || with(TJCCROSSLENGTH.L40) || with(TJCCROSSLENGTH.L39) || with(TJCCROSSLENGTH.L38) || with(TJCCROSSLENGTH.L37) || with(TJCCROSSLENGTH.L36) || with(TJCCROSSLENGTH.L35) || with(TJCCROSSLENGTH.L34) || with(TJCCROSSLENGTH.L33))",
					"z": 33
				},
				{
					"blockstate": "with(TJCCROSSTYPE.CROSS) && (with(TJCCROSSLENGTH.L50) || with(TJCCROSSLENGTH.L49) || with(TJCCROSSLENGTH.L48) || with(TJCCROSSLENGTH.L47) || with(TJCCROSSLENGTH.L46) || with(TJCCROSSLENGTH.L45) || with(TJCCROSSLENGTH.L44) || with(TJCCROSSLENGTH.L43) || with(TJCCROSSLENGTH.L42) || with(TJCCROSSLENGTH.L41) || with(TJCCROSSLENGTH.L40) || with(TJCCROSSLENGTH.L39) || with(TJCCROSSLENGTH.L38) || with(TJCCROSSLENGTH.L37) || with(TJCCROSSLENGTH.L36) || with(TJCCROSSLENGTH.L35) || with(TJCCROSSLENGTH.L34))",
					"z": 34
				},
				{
					"blockstate": "with(TJCCROSSTYPE.CROSS) && (with(TJCCROSSLENGTH.L50) || with(TJCCROSSLENGTH.L49) || with(TJCCROSSLENGTH.L48) || with(TJCCROSSLENGTH.L47) || with(TJCCROSSLENGTH.L46) || with(TJCCROSSLENGTH.L45) || with(TJCCROSSLENGTH.L44) || with(TJCCROSSLENGTH.L43) || with(TJCCROSSLENGTH.L42) || with(TJCCROSSLENGTH.L41) || with(TJCCROSSLENGTH.L40) || with(TJCCROSSLENGTH.L39) || with(TJCCROSSLENGTH.L38) || with(TJCCROSSLENGTH.L37) || with(TJCCROSSLENGTH.L36) || with(TJCCROSSLENGTH.L35))",
					"z": 35
				},
				{
					"blockstate": "with(TJCCROSSTYPE.CROSS) && (with(TJCCROSSLENGTH.L50) || with(TJCCROSSLENGTH.L49) || with(TJCCROSSLENGTH.L48) || with(TJCCROSSLENGTH.L47) || with(TJCCROSSLENGTH.L46) || with(TJCCROSSLENGTH.L45) || with(TJCCROSSLENGTH.L44) || with(TJCCROSSLENGTH.L43) || with(TJCCROSSLENGTH.L42) || with(TJCCROSSLENGTH.L41) || with(TJCCROSSLENGTH.L40) || with(TJCCROSSLENGTH.L39) || with(TJCCROSSLENGTH.L38) || with(TJCCROSSLENGTH.L37) || with(TJCCROSSLENGTH.L36))",
					"z": 36
				},
				{
					"blockstate": "with(TJCCROSSTYPE.CROSS) && (with(TJCCROSSLENGTH.L50) || with(TJCCROSSLENGTH.L49) || with(TJCCROSSLENGTH.L48) || with(TJCCROSSLENGTH.L47) || with(TJCCROSSLENGTH.L46) || with(TJCCROSSLENGTH.L45) || with(TJCCROSSLENGTH.L44) || with(TJCCROSSLENGTH.L43) || with(TJCCROSSLENGTH.L42) || with(TJCCROSSLENGTH.L41) || with(TJCCROSSLENGTH.L40) || with(TJCCROSSLENGTH.L39) || with(TJCCROSSLENGTH.L38))",
					"z": 37
				},
				{
					"blockstate": "with(TJCCROSSTYPE.CROSS) && (with(TJCCROSSLENGTH.L50) || with(TJCCROSSLENGTH.L49) || with(TJCCROSSLENGTH.L48) || with(TJCCROSSLENGTH.L47) || with(TJCCROSSLENGTH.L46) || with(TJCCROSSLENGTH.L45) || with(TJCCROSSLENGTH.L44) || with(TJCCROSSLENGTH.L43) || with(TJCCROSSLENGTH.L42) || with(TJCCROSSLENGTH.L41) || with(TJCCROSSLENGTH.L40) || with(TJCCROSSLENGTH.L39))",
					"z": 38
				},
				{
					"blockstate": "with(TJCCROSSTYPE.CROSS) && (with(TJCCROSSLENGTH.L50) || with(TJCCROSSLENGTH.L49) || with(TJCCROSSLENGTH.L48) || with(TJCCROSSLENGTH.L47) || with(TJCCROSSLENGTH.L46) || with(TJCCROSSLENGTH.L45) || with(TJCCROSSLENGTH.L44) || with(TJCCROSSLENGTH.L43) || with(TJCCROSSLENGTH.L42) || with(TJCCROSSLENGTH.L41) || with(TJCCROSSLENGTH.L40))",
					"z": 39
				},
				{
					"blockstate": "with(TJCCROSSTYPE.CROSS) && (with(TJCCROSSLENGTH.L50) || with(TJCCROSSLENGTH.L49) || with(TJCCROSSLENGTH.L48) || with(TJCCROSSLENGTH.L47) || with(TJCCROSSLENGTH.L46) || with(TJCCROSSLENGTH.L45) || with(TJCCROSSLENGTH.L44) || with(TJCCROSSLENGTH.L43) || with(TJCCROSSLENGTH.L42) || with(TJCCROSSLENGTH.L41))",
					"z": 40
				},
				{
					"blockstate": "with(TJCCROSSTYPE.CROSS) && (with(TJCCROSSLENGTH.L50) || with(TJCCROSSLENGTH.L49) || with(TJCCROSSLENGTH.L48) || with(TJCCROSSLENGTH.L47) || with(TJCCROSSLENGTH.L46) || with(TJCCROSSLENGTH.L45) || with(TJCCROSSLENGTH.L44) || with(TJCCROSSLENGTH.L43) || with(TJCCROSSLENGTH.L42))",
					"z": 41
				},
				{
					"blockstate": "with(TJCCROSSTYPE.CROSS) && (with(TJCCROSSLENGTH.L50) || with(TJCCROSSLENGTH.L49) || with(TJCCROSSLENGTH.L48) || with(TJCCROSSLENGTH.L47) || with(TJCCROSSLENGTH.L46) || with(TJCCROSSLENGTH.L45) || with(TJCCROSSLENGTH.L44) || with(TJCCROSSLENGTH.L43))",
					"z": 42
				},
				{
					"blockstate": "with(TJCCROSSTYPE.CROSS) && (with(TJCCROSSLENGTH.L50) || with(TJCCROSSLENGTH.L49) || with(TJCCROSSLENGTH.L48) || with(TJCCROSSLENGTH.L47) || with(TJCCROSSLENGTH.L46) || with(TJCCROSSLENGTH.L45) || with(TJCCROSSLENGTH.L44))",
					"z": 43
				},
				{
					"blockstate": "with(TJCCROSSTYPE.CROSS) && (with(TJCCROSSLENGTH.L50) || with(TJCCROSSLENGTH.L49) || with(TJCCROSSLENGTH.L48) || with(TJCCROSSLENGTH.L47) || with(TJCCROSSLENGTH.L46) || with(TJCCROSSLENGTH.L45))",
					"z": 44
				},
				{
					"blockstate": "with(TJCCROSSTYPE.CROSS) && (with(TJCCROSSLENGTH.L50) || with(TJCCROSSLENGTH.L49) || with(TJCCROSSLENGTH.L48) || with(TJCCROSSLENGTH.L47) || with(TJCCROSSLENGTH.L46))",
					"z": 45
				},
				{
					"blockstate": "with(TJCCROSSTYPE.CROSS) && (with(TJCCROSSLENGTH.L50) || with(TJCCROSSLENGTH.L49) || with(TJCCROSSLENGTH.L48) || with(TJCCROSSLENGTH.L47))",
					"z": 46
				},
				{
					"blockstate": "with(TJCCROSSTYPE.CROSS) && (with(TJCCROSSLENGTH.L50) || with(TJCCROSSLENGTH.L49) || with(TJCCROSSLENGTH.L48))",
					"z": 47
				},
				{
					"blockstate": "with(TJCCROSSTYPE.CROSS) && (with(TJCCROSSLENGTH.L50) || with(TJCCROSSLENGTH.L49))",
					"z": 48
				},
				{
					"blockstate": "with(TJCCROSSTYPE.CROSS) && with(TJCCROSSLENGTH.L50)",
					"z": 49
				}
			],
			"y": 0.1875
		}
    }
}