{
    "textures": {},
    "models": {
		"tjc/tram/mast_down": {
			"textures": [
				{
					"blockstate": "with(TJCTRAMTYPE.MAST_SINGLE) || with(TJCTRAMTYPE.MAST_DOUBLE)"
				}
			],
			"y": 0
		},
		"tjc/tram/mast_middle": {
			"textures": [
				{
					"blockstate": "with(TJCTRAMTYPE.MAST_SINGLE) || with(TJCTRAMTYPE.MAST_DOUBLE)"
				},
				{
					"blockstate": "with(TJCTRAMTYPE.MAST_SINGLE) || with(TJCTRAMTYPE.MAST_DOUBLE)",
					"y": 1
				},
				{
					"blockstate": "with(TJCTRAMTYPE.MAST_SINGLE) || with(TJCTRAMTYPE.MAST_DOUBLE)",
					"y": 2
				},
				{
					"blockstate": "with(TJCTRAMTYPE.MAST_SINGLE) || with(TJCTRAMTYPE.MAST_DOUBLE)",
					"y": 3
				},
				{
					"blockstate": "with(TJCTRAMTYPE.MAST_SINGLE) || with(TJCTRAMTYPE.MAST_DOUBLE)",
					"y": 4
				}
			],
			"y": 1
		},
		"tjc/tram/mast_top": {
			"textures": [
				{
					"blockstate": "with(TJCTRAMTYPE.MAST_SINGLE) || with(TJCTRAMTYPE.MAST_DOUBLE)"
				}
			],
			"y": 6
		},
		"tjc/tram/beam": {
			"textures": [
				{
					"blockstate": "with(TJCHEIGHT.NORMAL) && (with(TJCTRAMTYPE.MAST_SINGLE) || with(TJCTRAMTYPE.MAST_DOUBLE))",
					"y": 0
				},
				{
					"blockstate": "with(TJCHEIGHT.ONE_THIRD) && (with(TJCTRAMTYPE.MAST_SINGLE) || with(TJCTRAMTYPE.MAST_DOUBLE))",
					"y": 0.3125
				},
				{
					"blockstate": "with(TJCHEIGHT.TWO_THIRDS) && (with(TJCTRAMTYPE.MAST_SINGLE) || with(TJCTRAMTYPE.MAST_DOUBLE))",
					"y": -0.3125
				}
			],
			"y": 5.875,
			"x": 1
		},
		"tjc/tram/beam_right": {
			"textures": [
				{
					"blockstate": "with(TJCHEIGHT.NORMAL) && with(TJCTRAMTYPE.MAST_DOUBLE)",
					"y": 0
				},
				{
					"blockstate": "with(TJCHEIGHT.ONE_THIRD) && with(TJCTRAMTYPE.MAST_DOUBLE)",
					"y": 0.3125
				},
				{
					"blockstate": "with(TJCHEIGHT.TWO_THIRDS) && with(TJCTRAMTYPE.MAST_DOUBLE)",
					"y": -0.3125
				}
			],
			"y": 5.875,
			"x": -1
		},
		"tjc/tram/mast": {
			"textures": [
				{
					"blockstate": "with(TJCTRAMTYPE.MAST)"
				},
				{
					"blockstate": "with(TJCTRAMTYPE.MAST)",
					"y": 1
				},
				{
					"blockstate": "with(TJCTRAMTYPE.MAST)",
					"y": 2
				},
				{
					"blockstate": "with(TJCTRAMTYPE.MAST)",
					"y": 3
				},
				{
					"blockstate": "with(TJCTRAMTYPE.MAST)",
					"y": 4
				},
				{
					"blockstate": "with(TJCTRAMTYPE.MAST)",
					"y": 5
				},
				{
					"blockstate": "with(TJCTRAMTYPE.MAST)",
					"y": 6
				}
			],
			"y": 0
		},
        "tjc/tram/catenary": {
			"textures": [
				{
					"blockstate": "with(TJCTRAMTYPE.CATENARY) && (with(TJCTRAMLENGTH.L50) || with(TJCTRAMLENGTH.L49) || with(TJCTRAMLENGTH.L48) || with(TJCTRAMLENGTH.L47) || with(TJCTRAMLENGTH.L46) || with(TJCTRAMLENGTH.L45) || with(TJCTRAMLENGTH.L44) || with(TJCTRAMLENGTH.L43) || with(TJCTRAMLENGTH.L42) || with(TJCTRAMLENGTH.L41) || with(TJCTRAMLENGTH.L40) || with(TJCTRAMLENGTH.L39) || with(TJCTRAMLENGTH.L38) || with(TJCTRAMLENGTH.L37) || with(TJCTRAMLENGTH.L36) || with(TJCTRAMLENGTH.L35) || with(TJCTRAMLENGTH.L34) || with(TJCTRAMLENGTH.L33) || with(TJCTRAMLENGTH.L32) || with(TJCTRAMLENGTH.L31) || with(TJCTRAMLENGTH.L30) || with(TJCTRAMLENGTH.L29) || with(TJCTRAMLENGTH.L28) || with(TJCTRAMLENGTH.L27) || with(TJCTRAMLENGTH.L26) || with(TJCTRAMLENGTH.L25) || with(TJCTRAMLENGTH.L24) || with(TJCTRAMLENGTH.L23) || with(TJCTRAMLENGTH.L22) || with(TJCTRAMLENGTH.L21) || with(TJCTRAMLENGTH.L20) || with(TJCTRAMLENGTH.L19) || with(TJCTRAMLENGTH.L18) || with(TJCTRAMLENGTH.L17) || with(TJCTRAMLENGTH.L16) || with(TJCTRAMLENGTH.L15) || with(TJCTRAMLENGTH.L14) || with(TJCTRAMLENGTH.L13) || with(TJCTRAMLENGTH.L12) || with(TJCTRAMLENGTH.L11) || with(TJCTRAMLENGTH.L10) || with(TJCTRAMLENGTH.L9))",
					"z": 0
				},
				{
					"blockstate": "with(TJCTRAMTYPE.CATENARY) && (with(TJCTRAMLENGTH.L50) || with(TJCTRAMLENGTH.L49) || with(TJCTRAMLENGTH.L48) || with(TJCTRAMLENGTH.L47) || with(TJCTRAMLENGTH.L46) || with(TJCTRAMLENGTH.L45) || with(TJCTRAMLENGTH.L44) || with(TJCTRAMLENGTH.L43) || with(TJCTRAMLENGTH.L42) || with(TJCTRAMLENGTH.L41) || with(TJCTRAMLENGTH.L40) || with(TJCTRAMLENGTH.L39) || with(TJCTRAMLENGTH.L38) || with(TJCTRAMLENGTH.L37) || with(TJCTRAMLENGTH.L36) || with(TJCTRAMLENGTH.L35) || with(TJCTRAMLENGTH.L34) || with(TJCTRAMLENGTH.L33) || with(TJCTRAMLENGTH.L32) || with(TJCTRAMLENGTH.L31) || with(TJCTRAMLENGTH.L30) || with(TJCTRAMLENGTH.L29) || with(TJCTRAMLENGTH.L28) || with(TJCTRAMLENGTH.L27) || with(TJCTRAMLENGTH.L26) || with(TJCTRAMLENGTH.L25) || with(TJCTRAMLENGTH.L24) || with(TJCTRAMLENGTH.L23) || with(TJCTRAMLENGTH.L22) || with(TJCTRAMLENGTH.L21) || with(TJCTRAMLENGTH.L20) || with(TJCTRAMLENGTH.L19) || with(TJCTRAMLENGTH.L18) || with(TJCTRAMLENGTH.L17) || with(TJCTRAMLENGTH.L16) || with(TJCTRAMLENGTH.L15) || with(TJCTRAMLENGTH.L14) || with(TJCTRAMLENGTH.L13) || with(TJCTRAMLENGTH.L12) || with(TJCTRAMLENGTH.L11) || with(TJCTRAMLENGTH.L10) || with(TJCTRAMLENGTH.L9))",
					"z": 1
				},
				{
					"blockstate": "with(TJCTRAMTYPE.CATENARY) && (with(TJCTRAMLENGTH.L50) || with(TJCTRAMLENGTH.L49) || with(TJCTRAMLENGTH.L48) || with(TJCTRAMLENGTH.L47) || with(TJCTRAMLENGTH.L46) || with(TJCTRAMLENGTH.L45) || with(TJCTRAMLENGTH.L44) || with(TJCTRAMLENGTH.L43) || with(TJCTRAMLENGTH.L42) || with(TJCTRAMLENGTH.L41) || with(TJCTRAMLENGTH.L40) || with(TJCTRAMLENGTH.L39) || with(TJCTRAMLENGTH.L38) || with(TJCTRAMLENGTH.L37) || with(TJCTRAMLENGTH.L36) || with(TJCTRAMLENGTH.L35) || with(TJCTRAMLENGTH.L34) || with(TJCTRAMLENGTH.L33) || with(TJCTRAMLENGTH.L32) || with(TJCTRAMLENGTH.L31) || with(TJCTRAMLENGTH.L30) || with(TJCTRAMLENGTH.L29) || with(TJCTRAMLENGTH.L28) || with(TJCTRAMLENGTH.L27) || with(TJCTRAMLENGTH.L26) || with(TJCTRAMLENGTH.L25) || with(TJCTRAMLENGTH.L24) || with(TJCTRAMLENGTH.L23) || with(TJCTRAMLENGTH.L22) || with(TJCTRAMLENGTH.L21) || with(TJCTRAMLENGTH.L20) || with(TJCTRAMLENGTH.L19) || with(TJCTRAMLENGTH.L18) || with(TJCTRAMLENGTH.L17) || with(TJCTRAMLENGTH.L16) || with(TJCTRAMLENGTH.L15) || with(TJCTRAMLENGTH.L14) || with(TJCTRAMLENGTH.L13) || with(TJCTRAMLENGTH.L12) || with(TJCTRAMLENGTH.L11) || with(TJCTRAMLENGTH.L10) || with(TJCTRAMLENGTH.L9))",
					"z": 2
				},
				{
					"blockstate": "with(TJCTRAMTYPE.CATENARY) && (with(TJCTRAMLENGTH.L50) || with(TJCTRAMLENGTH.L49) || with(TJCTRAMLENGTH.L48) || with(TJCTRAMLENGTH.L47) || with(TJCTRAMLENGTH.L46) || with(TJCTRAMLENGTH.L45) || with(TJCTRAMLENGTH.L44) || with(TJCTRAMLENGTH.L43) || with(TJCTRAMLENGTH.L42) || with(TJCTRAMLENGTH.L41) || with(TJCTRAMLENGTH.L40) || with(TJCTRAMLENGTH.L39) || with(TJCTRAMLENGTH.L38) || with(TJCTRAMLENGTH.L37) || with(TJCTRAMLENGTH.L36) || with(TJCTRAMLENGTH.L35) || with(TJCTRAMLENGTH.L34) || with(TJCTRAMLENGTH.L33) || with(TJCTRAMLENGTH.L32) || with(TJCTRAMLENGTH.L31) || with(TJCTRAMLENGTH.L30) || with(TJCTRAMLENGTH.L29) || with(TJCTRAMLENGTH.L28) || with(TJCTRAMLENGTH.L27) || with(TJCTRAMLENGTH.L26) || with(TJCTRAMLENGTH.L25) || with(TJCTRAMLENGTH.L24) || with(TJCTRAMLENGTH.L23) || with(TJCTRAMLENGTH.L22) || with(TJCTRAMLENGTH.L21) || with(TJCTRAMLENGTH.L20) || with(TJCTRAMLENGTH.L19) || with(TJCTRAMLENGTH.L18) || with(TJCTRAMLENGTH.L17) || with(TJCTRAMLENGTH.L16) || with(TJCTRAMLENGTH.L15) || with(TJCTRAMLENGTH.L14) || with(TJCTRAMLENGTH.L13) || with(TJCTRAMLENGTH.L12) || with(TJCTRAMLENGTH.L11) || with(TJCTRAMLENGTH.L10) || with(TJCTRAMLENGTH.L9))",
					"z": 3
				},
				{
					"blockstate": "with(TJCTRAMTYPE.CATENARY) && (with(TJCTRAMLENGTH.L50) || with(TJCTRAMLENGTH.L49) || with(TJCTRAMLENGTH.L48) || with(TJCTRAMLENGTH.L47) || with(TJCTRAMLENGTH.L46) || with(TJCTRAMLENGTH.L45) || with(TJCTRAMLENGTH.L44) || with(TJCTRAMLENGTH.L43) || with(TJCTRAMLENGTH.L42) || with(TJCTRAMLENGTH.L41) || with(TJCTRAMLENGTH.L40) || with(TJCTRAMLENGTH.L39) || with(TJCTRAMLENGTH.L38) || with(TJCTRAMLENGTH.L37) || with(TJCTRAMLENGTH.L36) || with(TJCTRAMLENGTH.L35) || with(TJCTRAMLENGTH.L34) || with(TJCTRAMLENGTH.L33) || with(TJCTRAMLENGTH.L32) || with(TJCTRAMLENGTH.L31) || with(TJCTRAMLENGTH.L30) || with(TJCTRAMLENGTH.L29) || with(TJCTRAMLENGTH.L28) || with(TJCTRAMLENGTH.L27) || with(TJCTRAMLENGTH.L26) || with(TJCTRAMLENGTH.L25) || with(TJCTRAMLENGTH.L24) || with(TJCTRAMLENGTH.L23) || with(TJCTRAMLENGTH.L22) || with(TJCTRAMLENGTH.L21) || with(TJCTRAMLENGTH.L20) || with(TJCTRAMLENGTH.L19) || with(TJCTRAMLENGTH.L18) || with(TJCTRAMLENGTH.L17) || with(TJCTRAMLENGTH.L16) || with(TJCTRAMLENGTH.L15) || with(TJCTRAMLENGTH.L14) || with(TJCTRAMLENGTH.L13) || with(TJCTRAMLENGTH.L12) || with(TJCTRAMLENGTH.L11) || with(TJCTRAMLENGTH.L10) || with(TJCTRAMLENGTH.L9))",
					"z": 4
				},
				{
					"blockstate": "with(TJCTRAMTYPE.CATENARY) && (with(TJCTRAMLENGTH.L50) || with(TJCTRAMLENGTH.L49) || with(TJCTRAMLENGTH.L48) || with(TJCTRAMLENGTH.L47) || with(TJCTRAMLENGTH.L46) || with(TJCTRAMLENGTH.L45) || with(TJCTRAMLENGTH.L44) || with(TJCTRAMLENGTH.L43) || with(TJCTRAMLENGTH.L42) || with(TJCTRAMLENGTH.L41) || with(TJCTRAMLENGTH.L40) || with(TJCTRAMLENGTH.L39) || with(TJCTRAMLENGTH.L38) || with(TJCTRAMLENGTH.L37) || with(TJCTRAMLENGTH.L36) || with(TJCTRAMLENGTH.L35) || with(TJCTRAMLENGTH.L34) || with(TJCTRAMLENGTH.L33) || with(TJCTRAMLENGTH.L32) || with(TJCTRAMLENGTH.L31) || with(TJCTRAMLENGTH.L30) || with(TJCTRAMLENGTH.L29) || with(TJCTRAMLENGTH.L28) || with(TJCTRAMLENGTH.L27) || with(TJCTRAMLENGTH.L26) || with(TJCTRAMLENGTH.L25) || with(TJCTRAMLENGTH.L24) || with(TJCTRAMLENGTH.L23) || with(TJCTRAMLENGTH.L22) || with(TJCTRAMLENGTH.L21) || with(TJCTRAMLENGTH.L20) || with(TJCTRAMLENGTH.L19) || with(TJCTRAMLENGTH.L18) || with(TJCTRAMLENGTH.L17) || with(TJCTRAMLENGTH.L16) || with(TJCTRAMLENGTH.L15) || with(TJCTRAMLENGTH.L14) || with(TJCTRAMLENGTH.L13) || with(TJCTRAMLENGTH.L12) || with(TJCTRAMLENGTH.L11) || with(TJCTRAMLENGTH.L10) || with(TJCTRAMLENGTH.L9))",
					"z": 5
				},
				{
					"blockstate": "with(TJCTRAMTYPE.CATENARY) && (with(TJCTRAMLENGTH.L50) || with(TJCTRAMLENGTH.L49) || with(TJCTRAMLENGTH.L48) || with(TJCTRAMLENGTH.L47) || with(TJCTRAMLENGTH.L46) || with(TJCTRAMLENGTH.L45) || with(TJCTRAMLENGTH.L44) || with(TJCTRAMLENGTH.L43) || with(TJCTRAMLENGTH.L42) || with(TJCTRAMLENGTH.L41) || with(TJCTRAMLENGTH.L40) || with(TJCTRAMLENGTH.L39) || with(TJCTRAMLENGTH.L38) || with(TJCTRAMLENGTH.L37) || with(TJCTRAMLENGTH.L36) || with(TJCTRAMLENGTH.L35) || with(TJCTRAMLENGTH.L34) || with(TJCTRAMLENGTH.L33) || with(TJCTRAMLENGTH.L32) || with(TJCTRAMLENGTH.L31) || with(TJCTRAMLENGTH.L30) || with(TJCTRAMLENGTH.L29) || with(TJCTRAMLENGTH.L28) || with(TJCTRAMLENGTH.L27) || with(TJCTRAMLENGTH.L26) || with(TJCTRAMLENGTH.L25) || with(TJCTRAMLENGTH.L24) || with(TJCTRAMLENGTH.L23) || with(TJCTRAMLENGTH.L22) || with(TJCTRAMLENGTH.L21) || with(TJCTRAMLENGTH.L20) || with(TJCTRAMLENGTH.L19) || with(TJCTRAMLENGTH.L18) || with(TJCTRAMLENGTH.L17) || with(TJCTRAMLENGTH.L16) || with(TJCTRAMLENGTH.L15) || with(TJCTRAMLENGTH.L14) || with(TJCTRAMLENGTH.L13) || with(TJCTRAMLENGTH.L12) || with(TJCTRAMLENGTH.L11) || with(TJCTRAMLENGTH.L10) || with(TJCTRAMLENGTH.L9))",
					"z": 6
				},
				{
					"blockstate": "with(TJCTRAMTYPE.CATENARY) && (with(TJCTRAMLENGTH.L50) || with(TJCTRAMLENGTH.L49) || with(TJCTRAMLENGTH.L48) || with(TJCTRAMLENGTH.L47) || with(TJCTRAMLENGTH.L46) || with(TJCTRAMLENGTH.L45) || with(TJCTRAMLENGTH.L44) || with(TJCTRAMLENGTH.L43) || with(TJCTRAMLENGTH.L42) || with(TJCTRAMLENGTH.L41) || with(TJCTRAMLENGTH.L40) || with(TJCTRAMLENGTH.L39) || with(TJCTRAMLENGTH.L38) || with(TJCTRAMLENGTH.L37) || with(TJCTRAMLENGTH.L36) || with(TJCTRAMLENGTH.L35) || with(TJCTRAMLENGTH.L34) || with(TJCTRAMLENGTH.L33) || with(TJCTRAMLENGTH.L32) || with(TJCTRAMLENGTH.L31) || with(TJCTRAMLENGTH.L30) || with(TJCTRAMLENGTH.L29) || with(TJCTRAMLENGTH.L28) || with(TJCTRAMLENGTH.L27) || with(TJCTRAMLENGTH.L26) || with(TJCTRAMLENGTH.L25) || with(TJCTRAMLENGTH.L24) || with(TJCTRAMLENGTH.L23) || with(TJCTRAMLENGTH.L22) || with(TJCTRAMLENGTH.L21) || with(TJCTRAMLENGTH.L20) || with(TJCTRAMLENGTH.L19) || with(TJCTRAMLENGTH.L18) || with(TJCTRAMLENGTH.L17) || with(TJCTRAMLENGTH.L16) || with(TJCTRAMLENGTH.L15) || with(TJCTRAMLENGTH.L14) || with(TJCTRAMLENGTH.L13) || with(TJCTRAMLENGTH.L12) || with(TJCTRAMLENGTH.L11) || with(TJCTRAMLENGTH.L10) || with(TJCTRAMLENGTH.L9))",
					"z": 7
				},
				{
					"blockstate": "with(TJCTRAMTYPE.CATENARY) && (with(TJCTRAMLENGTH.L50) || with(TJCTRAMLENGTH.L49) || with(TJCTRAMLENGTH.L48) || with(TJCTRAMLENGTH.L47) || with(TJCTRAMLENGTH.L46) || with(TJCTRAMLENGTH.L45) || with(TJCTRAMLENGTH.L44) || with(TJCTRAMLENGTH.L43) || with(TJCTRAMLENGTH.L42) || with(TJCTRAMLENGTH.L41) || with(TJCTRAMLENGTH.L40) || with(TJCTRAMLENGTH.L39) || with(TJCTRAMLENGTH.L38) || with(TJCTRAMLENGTH.L37) || with(TJCTRAMLENGTH.L36) || with(TJCTRAMLENGTH.L35) || with(TJCTRAMLENGTH.L34) || with(TJCTRAMLENGTH.L33) || with(TJCTRAMLENGTH.L32) || with(TJCTRAMLENGTH.L31) || with(TJCTRAMLENGTH.L30) || with(TJCTRAMLENGTH.L29) || with(TJCTRAMLENGTH.L28) || with(TJCTRAMLENGTH.L27) || with(TJCTRAMLENGTH.L26) || with(TJCTRAMLENGTH.L25) || with(TJCTRAMLENGTH.L24) || with(TJCTRAMLENGTH.L23) || with(TJCTRAMLENGTH.L22) || with(TJCTRAMLENGTH.L21) || with(TJCTRAMLENGTH.L20) || with(TJCTRAMLENGTH.L19) || with(TJCTRAMLENGTH.L18) || with(TJCTRAMLENGTH.L17) || with(TJCTRAMLENGTH.L16) || with(TJCTRAMLENGTH.L15) || with(TJCTRAMLENGTH.L14) || with(TJCTRAMLENGTH.L13) || with(TJCTRAMLENGTH.L12) || with(TJCTRAMLENGTH.L11) || with(TJCTRAMLENGTH.L10) || with(TJCTRAMLENGTH.L9))",
					"z": 8
				},
				{
					"blockstate": "with(TJCTRAMTYPE.CATENARY) && (with(TJCTRAMLENGTH.L50) || with(TJCTRAMLENGTH.L49) || with(TJCTRAMLENGTH.L48) || with(TJCTRAMLENGTH.L47) || with(TJCTRAMLENGTH.L46) || with(TJCTRAMLENGTH.L45) || with(TJCTRAMLENGTH.L44) || with(TJCTRAMLENGTH.L43) || with(TJCTRAMLENGTH.L42) || with(TJCTRAMLENGTH.L41) || with(TJCTRAMLENGTH.L40) || with(TJCTRAMLENGTH.L39) || with(TJCTRAMLENGTH.L38) || with(TJCTRAMLENGTH.L37) || with(TJCTRAMLENGTH.L36) || with(TJCTRAMLENGTH.L35) || with(TJCTRAMLENGTH.L34) || with(TJCTRAMLENGTH.L33) || with(TJCTRAMLENGTH.L32) || with(TJCTRAMLENGTH.L31) || with(TJCTRAMLENGTH.L30) || with(TJCTRAMLENGTH.L29) || with(TJCTRAMLENGTH.L28) || with(TJCTRAMLENGTH.L27) || with(TJCTRAMLENGTH.L26) || with(TJCTRAMLENGTH.L25) || with(TJCTRAMLENGTH.L24) || with(TJCTRAMLENGTH.L23) || with(TJCTRAMLENGTH.L22) || with(TJCTRAMLENGTH.L21) || with(TJCTRAMLENGTH.L20) || with(TJCTRAMLENGTH.L19) || with(TJCTRAMLENGTH.L18) || with(TJCTRAMLENGTH.L17) || with(TJCTRAMLENGTH.L16) || with(TJCTRAMLENGTH.L15) || with(TJCTRAMLENGTH.L14) || with(TJCTRAMLENGTH.L13) || with(TJCTRAMLENGTH.L12) || with(TJCTRAMLENGTH.L11) || with(TJCTRAMLENGTH.L10) || with(TJCTRAMLENGTH.L9))",
					"z": 9
				},
				{
					"blockstate": "with(TJCTRAMTYPE.CATENARY) && (with(TJCTRAMLENGTH.L50) || with(TJCTRAMLENGTH.L49) || with(TJCTRAMLENGTH.L48) || with(TJCTRAMLENGTH.L47) || with(TJCTRAMLENGTH.L46) || with(TJCTRAMLENGTH.L45) || with(TJCTRAMLENGTH.L44) || with(TJCTRAMLENGTH.L43) || with(TJCTRAMLENGTH.L42) || with(TJCTRAMLENGTH.L41) || with(TJCTRAMLENGTH.L40) || with(TJCTRAMLENGTH.L39) || with(TJCTRAMLENGTH.L38) || with(TJCTRAMLENGTH.L37) || with(TJCTRAMLENGTH.L36) || with(TJCTRAMLENGTH.L35) || with(TJCTRAMLENGTH.L34) || with(TJCTRAMLENGTH.L33) || with(TJCTRAMLENGTH.L32) || with(TJCTRAMLENGTH.L31) || with(TJCTRAMLENGTH.L30) || with(TJCTRAMLENGTH.L29) || with(TJCTRAMLENGTH.L28) || with(TJCTRAMLENGTH.L27) || with(TJCTRAMLENGTH.L26) || with(TJCTRAMLENGTH.L25) || with(TJCTRAMLENGTH.L24) || with(TJCTRAMLENGTH.L23) || with(TJCTRAMLENGTH.L22) || with(TJCTRAMLENGTH.L21) || with(TJCTRAMLENGTH.L20) || with(TJCTRAMLENGTH.L19) || with(TJCTRAMLENGTH.L18) || with(TJCTRAMLENGTH.L17) || with(TJCTRAMLENGTH.L16) || with(TJCTRAMLENGTH.L15) || with(TJCTRAMLENGTH.L14) || with(TJCTRAMLENGTH.L13) || with(TJCTRAMLENGTH.L12) || with(TJCTRAMLENGTH.L11) || with(TJCTRAMLENGTH.L10))",
					"z": 10
				},
				{
					"blockstate": "with(TJCTRAMTYPE.CATENARY) && (with(TJCTRAMLENGTH.L50) || with(TJCTRAMLENGTH.L49) || with(TJCTRAMLENGTH.L48) || with(TJCTRAMLENGTH.L47) || with(TJCTRAMLENGTH.L46) || with(TJCTRAMLENGTH.L45) || with(TJCTRAMLENGTH.L44) || with(TJCTRAMLENGTH.L43) || with(TJCTRAMLENGTH.L42) || with(TJCTRAMLENGTH.L41) || with(TJCTRAMLENGTH.L40) || with(TJCTRAMLENGTH.L39) || with(TJCTRAMLENGTH.L38) || with(TJCTRAMLENGTH.L37) || with(TJCTRAMLENGTH.L36) || with(TJCTRAMLENGTH.L35) || with(TJCTRAMLENGTH.L34) || with(TJCTRAMLENGTH.L33) || with(TJCTRAMLENGTH.L32) || with(TJCTRAMLENGTH.L31) || with(TJCTRAMLENGTH.L30) || with(TJCTRAMLENGTH.L29) || with(TJCTRAMLENGTH.L28) || with(TJCTRAMLENGTH.L27) || with(TJCTRAMLENGTH.L26) || with(TJCTRAMLENGTH.L25) || with(TJCTRAMLENGTH.L24) || with(TJCTRAMLENGTH.L23) || with(TJCTRAMLENGTH.L22) || with(TJCTRAMLENGTH.L21) || with(TJCTRAMLENGTH.L20) || with(TJCTRAMLENGTH.L19) || with(TJCTRAMLENGTH.L18) || with(TJCTRAMLENGTH.L17) || with(TJCTRAMLENGTH.L16) || with(TJCTRAMLENGTH.L15) || with(TJCTRAMLENGTH.L14) || with(TJCTRAMLENGTH.L13) || with(TJCTRAMLENGTH.L12) || with(TJCTRAMLENGTH.L11))",
					"z": 11
				},
				{
					"blockstate": "with(TJCTRAMTYPE.CATENARY) && (with(TJCTRAMLENGTH.L50) || with(TJCTRAMLENGTH.L49) || with(TJCTRAMLENGTH.L48) || with(TJCTRAMLENGTH.L47) || with(TJCTRAMLENGTH.L46) || with(TJCTRAMLENGTH.L45) || with(TJCTRAMLENGTH.L44) || with(TJCTRAMLENGTH.L43) || with(TJCTRAMLENGTH.L42) || with(TJCTRAMLENGTH.L41) || with(TJCTRAMLENGTH.L40) || with(TJCTRAMLENGTH.L39) || with(TJCTRAMLENGTH.L38) || with(TJCTRAMLENGTH.L37) || with(TJCTRAMLENGTH.L36) || with(TJCTRAMLENGTH.L35) || with(TJCTRAMLENGTH.L34) || with(TJCTRAMLENGTH.L33) || with(TJCTRAMLENGTH.L32) || with(TJCTRAMLENGTH.L31) || with(TJCTRAMLENGTH.L30) || with(TJCTRAMLENGTH.L29) || with(TJCTRAMLENGTH.L28) || with(TJCTRAMLENGTH.L27) || with(TJCTRAMLENGTH.L26) || with(TJCTRAMLENGTH.L25) || with(TJCTRAMLENGTH.L24) || with(TJCTRAMLENGTH.L23) || with(TJCTRAMLENGTH.L22) || with(TJCTRAMLENGTH.L21) || with(TJCTRAMLENGTH.L20) || with(TJCTRAMLENGTH.L19) || with(TJCTRAMLENGTH.L18) || with(TJCTRAMLENGTH.L17) || with(TJCTRAMLENGTH.L16) || with(TJCTRAMLENGTH.L15) || with(TJCTRAMLENGTH.L14) || with(TJCTRAMLENGTH.L13) || with(TJCTRAMLENGTH.L12))",
					"z": 12
				},
				{
					"blockstate": "with(TJCTRAMTYPE.CATENARY) && (with(TJCTRAMLENGTH.L50) || with(TJCTRAMLENGTH.L49) || with(TJCTRAMLENGTH.L48) || with(TJCTRAMLENGTH.L47) || with(TJCTRAMLENGTH.L46) || with(TJCTRAMLENGTH.L45) || with(TJCTRAMLENGTH.L44) || with(TJCTRAMLENGTH.L43) || with(TJCTRAMLENGTH.L42) || with(TJCTRAMLENGTH.L41) || with(TJCTRAMLENGTH.L40) || with(TJCTRAMLENGTH.L39) || with(TJCTRAMLENGTH.L38) || with(TJCTRAMLENGTH.L37) || with(TJCTRAMLENGTH.L36) || with(TJCTRAMLENGTH.L35) || with(TJCTRAMLENGTH.L34) || with(TJCTRAMLENGTH.L33) || with(TJCTRAMLENGTH.L32) || with(TJCTRAMLENGTH.L31) || with(TJCTRAMLENGTH.L30) || with(TJCTRAMLENGTH.L29) || with(TJCTRAMLENGTH.L28) || with(TJCTRAMLENGTH.L27) || with(TJCTRAMLENGTH.L26) || with(TJCTRAMLENGTH.L25) || with(TJCTRAMLENGTH.L24) || with(TJCTRAMLENGTH.L23) || with(TJCTRAMLENGTH.L22) || with(TJCTRAMLENGTH.L21) || with(TJCTRAMLENGTH.L20) || with(TJCTRAMLENGTH.L19) || with(TJCTRAMLENGTH.L18) || with(TJCTRAMLENGTH.L17) || with(TJCTRAMLENGTH.L16) || with(TJCTRAMLENGTH.L15) || with(TJCTRAMLENGTH.L14) || with(TJCTRAMLENGTH.L13))",
					"z": 13
				},
				{
					"blockstate": "with(TJCTRAMTYPE.CATENARY) && (with(TJCTRAMLENGTH.L50) || with(TJCTRAMLENGTH.L49) || with(TJCTRAMLENGTH.L48) || with(TJCTRAMLENGTH.L47) || with(TJCTRAMLENGTH.L46) || with(TJCTRAMLENGTH.L45) || with(TJCTRAMLENGTH.L44) || with(TJCTRAMLENGTH.L43) || with(TJCTRAMLENGTH.L42) || with(TJCTRAMLENGTH.L41) || with(TJCTRAMLENGTH.L40) || with(TJCTRAMLENGTH.L39) || with(TJCTRAMLENGTH.L38) || with(TJCTRAMLENGTH.L37) || with(TJCTRAMLENGTH.L36) || with(TJCTRAMLENGTH.L35) || with(TJCTRAMLENGTH.L34) || with(TJCTRAMLENGTH.L33) || with(TJCTRAMLENGTH.L32) || with(TJCTRAMLENGTH.L31) || with(TJCTRAMLENGTH.L30) || with(TJCTRAMLENGTH.L29) || with(TJCTRAMLENGTH.L28) || with(TJCTRAMLENGTH.L27) || with(TJCTRAMLENGTH.L26) || with(TJCTRAMLENGTH.L25) || with(TJCTRAMLENGTH.L24) || with(TJCTRAMLENGTH.L23) || with(TJCTRAMLENGTH.L22) || with(TJCTRAMLENGTH.L21) || with(TJCTRAMLENGTH.L20) || with(TJCTRAMLENGTH.L19) || with(TJCTRAMLENGTH.L18) || with(TJCTRAMLENGTH.L17) || with(TJCTRAMLENGTH.L16) || with(TJCTRAMLENGTH.L15) || with(TJCTRAMLENGTH.L14))",
					"z": 14
				},
				{
					"blockstate": "with(TJCTRAMTYPE.CATENARY) && (with(TJCTRAMLENGTH.L50) || with(TJCTRAMLENGTH.L49) || with(TJCTRAMLENGTH.L48) || with(TJCTRAMLENGTH.L47) || with(TJCTRAMLENGTH.L46) || with(TJCTRAMLENGTH.L45) || with(TJCTRAMLENGTH.L44) || with(TJCTRAMLENGTH.L43) || with(TJCTRAMLENGTH.L42) || with(TJCTRAMLENGTH.L41) || with(TJCTRAMLENGTH.L40) || with(TJCTRAMLENGTH.L39) || with(TJCTRAMLENGTH.L38) || with(TJCTRAMLENGTH.L37) || with(TJCTRAMLENGTH.L36) || with(TJCTRAMLENGTH.L35) || with(TJCTRAMLENGTH.L34) || with(TJCTRAMLENGTH.L33) || with(TJCTRAMLENGTH.L32) || with(TJCTRAMLENGTH.L31) || with(TJCTRAMLENGTH.L30) || with(TJCTRAMLENGTH.L29) || with(TJCTRAMLENGTH.L28) || with(TJCTRAMLENGTH.L27) || with(TJCTRAMLENGTH.L26) || with(TJCTRAMLENGTH.L25) || with(TJCTRAMLENGTH.L24) || with(TJCTRAMLENGTH.L23) || with(TJCTRAMLENGTH.L22) || with(TJCTRAMLENGTH.L21) || with(TJCTRAMLENGTH.L20) || with(TJCTRAMLENGTH.L19) || with(TJCTRAMLENGTH.L18) || with(TJCTRAMLENGTH.L17) || with(TJCTRAMLENGTH.L16) || with(TJCTRAMLENGTH.L15))",
					"z": 15
				},
				{
					"blockstate": "with(TJCTRAMTYPE.CATENARY) && (with(TJCTRAMLENGTH.L50) || with(TJCTRAMLENGTH.L49) || with(TJCTRAMLENGTH.L48) || with(TJCTRAMLENGTH.L47) || with(TJCTRAMLENGTH.L46) || with(TJCTRAMLENGTH.L45) || with(TJCTRAMLENGTH.L44) || with(TJCTRAMLENGTH.L43) || with(TJCTRAMLENGTH.L42) || with(TJCTRAMLENGTH.L41) || with(TJCTRAMLENGTH.L40) || with(TJCTRAMLENGTH.L39) || with(TJCTRAMLENGTH.L38) || with(TJCTRAMLENGTH.L37) || with(TJCTRAMLENGTH.L36) || with(TJCTRAMLENGTH.L35) || with(TJCTRAMLENGTH.L34) || with(TJCTRAMLENGTH.L33) || with(TJCTRAMLENGTH.L32) || with(TJCTRAMLENGTH.L31) || with(TJCTRAMLENGTH.L30) || with(TJCTRAMLENGTH.L29) || with(TJCTRAMLENGTH.L28) || with(TJCTRAMLENGTH.L27) || with(TJCTRAMLENGTH.L26) || with(TJCTRAMLENGTH.L25) || with(TJCTRAMLENGTH.L24) || with(TJCTRAMLENGTH.L23) || with(TJCTRAMLENGTH.L22) || with(TJCTRAMLENGTH.L21) || with(TJCTRAMLENGTH.L20) || with(TJCTRAMLENGTH.L19) || with(TJCTRAMLENGTH.L18) || with(TJCTRAMLENGTH.L17) || with(TJCTRAMLENGTH.L16))",
					"z": 16
				},
				{
					"blockstate": "with(TJCTRAMTYPE.CATENARY) && (with(TJCTRAMLENGTH.L50) || with(TJCTRAMLENGTH.L49) || with(TJCTRAMLENGTH.L48) || with(TJCTRAMLENGTH.L47) || with(TJCTRAMLENGTH.L46) || with(TJCTRAMLENGTH.L45) || with(TJCTRAMLENGTH.L44) || with(TJCTRAMLENGTH.L43) || with(TJCTRAMLENGTH.L42) || with(TJCTRAMLENGTH.L41) || with(TJCTRAMLENGTH.L40) || with(TJCTRAMLENGTH.L39) || with(TJCTRAMLENGTH.L38) || with(TJCTRAMLENGTH.L37) || with(TJCTRAMLENGTH.L36) || with(TJCTRAMLENGTH.L35) || with(TJCTRAMLENGTH.L34) || with(TJCTRAMLENGTH.L33) || with(TJCTRAMLENGTH.L32) || with(TJCTRAMLENGTH.L31) || with(TJCTRAMLENGTH.L30) || with(TJCTRAMLENGTH.L29) || with(TJCTRAMLENGTH.L28) || with(TJCTRAMLENGTH.L27) || with(TJCTRAMLENGTH.L26) || with(TJCTRAMLENGTH.L25) || with(TJCTRAMLENGTH.L24) || with(TJCTRAMLENGTH.L23) || with(TJCTRAMLENGTH.L22) || with(TJCTRAMLENGTH.L21) || with(TJCTRAMLENGTH.L20) || with(TJCTRAMLENGTH.L19) || with(TJCTRAMLENGTH.L18) || with(TJCTRAMLENGTH.L17))",
					"z": 17
				},
				{
					"blockstate": "with(TJCTRAMTYPE.CATENARY) && (with(TJCTRAMLENGTH.L50) || with(TJCTRAMLENGTH.L49) || with(TJCTRAMLENGTH.L48) || with(TJCTRAMLENGTH.L47) || with(TJCTRAMLENGTH.L46) || with(TJCTRAMLENGTH.L45) || with(TJCTRAMLENGTH.L44) || with(TJCTRAMLENGTH.L43) || with(TJCTRAMLENGTH.L42) || with(TJCTRAMLENGTH.L41) || with(TJCTRAMLENGTH.L40) || with(TJCTRAMLENGTH.L39) || with(TJCTRAMLENGTH.L38) || with(TJCTRAMLENGTH.L37) || with(TJCTRAMLENGTH.L36) || with(TJCTRAMLENGTH.L35) || with(TJCTRAMLENGTH.L34) || with(TJCTRAMLENGTH.L33) || with(TJCTRAMLENGTH.L32) || with(TJCTRAMLENGTH.L31) || with(TJCTRAMLENGTH.L30) || with(TJCTRAMLENGTH.L29) || with(TJCTRAMLENGTH.L28) || with(TJCTRAMLENGTH.L27) || with(TJCTRAMLENGTH.L26) || with(TJCTRAMLENGTH.L25) || with(TJCTRAMLENGTH.L24) || with(TJCTRAMLENGTH.L23) || with(TJCTRAMLENGTH.L22) || with(TJCTRAMLENGTH.L21) || with(TJCTRAMLENGTH.L20) || with(TJCTRAMLENGTH.L19) || with(TJCTRAMLENGTH.L18))",
					"z": 18
				},
				{
					"blockstate": "with(TJCTRAMTYPE.CATENARY) && (with(TJCTRAMLENGTH.L50) || with(TJCTRAMLENGTH.L49) || with(TJCTRAMLENGTH.L48) || with(TJCTRAMLENGTH.L47) || with(TJCTRAMLENGTH.L46) || with(TJCTRAMLENGTH.L45) || with(TJCTRAMLENGTH.L44) || with(TJCTRAMLENGTH.L43) || with(TJCTRAMLENGTH.L42) || with(TJCTRAMLENGTH.L41) || with(TJCTRAMLENGTH.L40) || with(TJCTRAMLENGTH.L39) || with(TJCTRAMLENGTH.L38) || with(TJCTRAMLENGTH.L37) || with(TJCTRAMLENGTH.L36) || with(TJCTRAMLENGTH.L35) || with(TJCTRAMLENGTH.L34) || with(TJCTRAMLENGTH.L33) || with(TJCTRAMLENGTH.L32) || with(TJCTRAMLENGTH.L31) || with(TJCTRAMLENGTH.L30) || with(TJCTRAMLENGTH.L29) || with(TJCTRAMLENGTH.L28) || with(TJCTRAMLENGTH.L27) || with(TJCTRAMLENGTH.L26) || with(TJCTRAMLENGTH.L25) || with(TJCTRAMLENGTH.L24) || with(TJCTRAMLENGTH.L23) || with(TJCTRAMLENGTH.L22) || with(TJCTRAMLENGTH.L21) || with(TJCTRAMLENGTH.L20) || with(TJCTRAMLENGTH.L19))",
					"z": 19
				},
				{
					"blockstate": "with(TJCTRAMTYPE.CATENARY) && (with(TJCTRAMLENGTH.L50) || with(TJCTRAMLENGTH.L49) || with(TJCTRAMLENGTH.L48) || with(TJCTRAMLENGTH.L47) || with(TJCTRAMLENGTH.L46) || with(TJCTRAMLENGTH.L45) || with(TJCTRAMLENGTH.L44) || with(TJCTRAMLENGTH.L43) || with(TJCTRAMLENGTH.L42) || with(TJCTRAMLENGTH.L41) || with(TJCTRAMLENGTH.L40) || with(TJCTRAMLENGTH.L39) || with(TJCTRAMLENGTH.L38) || with(TJCTRAMLENGTH.L37) || with(TJCTRAMLENGTH.L36) || with(TJCTRAMLENGTH.L35) || with(TJCTRAMLENGTH.L34) || with(TJCTRAMLENGTH.L33) || with(TJCTRAMLENGTH.L32) || with(TJCTRAMLENGTH.L31) || with(TJCTRAMLENGTH.L30) || with(TJCTRAMLENGTH.L29) || with(TJCTRAMLENGTH.L28) || with(TJCTRAMLENGTH.L27) || with(TJCTRAMLENGTH.L26) || with(TJCTRAMLENGTH.L25) || with(TJCTRAMLENGTH.L24) || with(TJCTRAMLENGTH.L23) || with(TJCTRAMLENGTH.L22) || with(TJCTRAMLENGTH.L21) || with(TJCTRAMLENGTH.L20))",
					"z": 20
				},
				{
					"blockstate": "with(TJCTRAMTYPE.CATENARY) && (with(TJCTRAMLENGTH.L50) || with(TJCTRAMLENGTH.L49) || with(TJCTRAMLENGTH.L48) || with(TJCTRAMLENGTH.L47) || with(TJCTRAMLENGTH.L46) || with(TJCTRAMLENGTH.L45) || with(TJCTRAMLENGTH.L44) || with(TJCTRAMLENGTH.L43) || with(TJCTRAMLENGTH.L42) || with(TJCTRAMLENGTH.L41) || with(TJCTRAMLENGTH.L40) || with(TJCTRAMLENGTH.L39) || with(TJCTRAMLENGTH.L38) || with(TJCTRAMLENGTH.L37) || with(TJCTRAMLENGTH.L36) || with(TJCTRAMLENGTH.L35) || with(TJCTRAMLENGTH.L34) || with(TJCTRAMLENGTH.L33) || with(TJCTRAMLENGTH.L32) || with(TJCTRAMLENGTH.L31) || with(TJCTRAMLENGTH.L30) || with(TJCTRAMLENGTH.L29) || with(TJCTRAMLENGTH.L28) || with(TJCTRAMLENGTH.L27) || with(TJCTRAMLENGTH.L26) || with(TJCTRAMLENGTH.L25) || with(TJCTRAMLENGTH.L24) || with(TJCTRAMLENGTH.L23) || with(TJCTRAMLENGTH.L22) || with(TJCTRAMLENGTH.L21))",
					"z": 21
				},
				{
					"blockstate": "with(TJCTRAMTYPE.CATENARY) && (with(TJCTRAMLENGTH.L50) || with(TJCTRAMLENGTH.L49) || with(TJCTRAMLENGTH.L48) || with(TJCTRAMLENGTH.L47) || with(TJCTRAMLENGTH.L46) || with(TJCTRAMLENGTH.L45) || with(TJCTRAMLENGTH.L44) || with(TJCTRAMLENGTH.L43) || with(TJCTRAMLENGTH.L42) || with(TJCTRAMLENGTH.L41) || with(TJCTRAMLENGTH.L40) || with(TJCTRAMLENGTH.L39) || with(TJCTRAMLENGTH.L38) || with(TJCTRAMLENGTH.L37) || with(TJCTRAMLENGTH.L36) || with(TJCTRAMLENGTH.L35) || with(TJCTRAMLENGTH.L34) || with(TJCTRAMLENGTH.L33) || with(TJCTRAMLENGTH.L32) || with(TJCTRAMLENGTH.L31) || with(TJCTRAMLENGTH.L30) || with(TJCTRAMLENGTH.L29) || with(TJCTRAMLENGTH.L28) || with(TJCTRAMLENGTH.L27) || with(TJCTRAMLENGTH.L26) || with(TJCTRAMLENGTH.L25) || with(TJCTRAMLENGTH.L24) || with(TJCTRAMLENGTH.L23) || with(TJCTRAMLENGTH.L22))",
					"z": 22
				},
				{
					"blockstate": "with(TJCTRAMTYPE.CATENARY) && (with(TJCTRAMLENGTH.L50) || with(TJCTRAMLENGTH.L49) || with(TJCTRAMLENGTH.L48) || with(TJCTRAMLENGTH.L47) || with(TJCTRAMLENGTH.L46) || with(TJCTRAMLENGTH.L45) || with(TJCTRAMLENGTH.L44) || with(TJCTRAMLENGTH.L43) || with(TJCTRAMLENGTH.L42) || with(TJCTRAMLENGTH.L41) || with(TJCTRAMLENGTH.L40) || with(TJCTRAMLENGTH.L39) || with(TJCTRAMLENGTH.L38) || with(TJCTRAMLENGTH.L37) || with(TJCTRAMLENGTH.L36) || with(TJCTRAMLENGTH.L35) || with(TJCTRAMLENGTH.L34) || with(TJCTRAMLENGTH.L33) || with(TJCTRAMLENGTH.L32) || with(TJCTRAMLENGTH.L31) || with(TJCTRAMLENGTH.L30) || with(TJCTRAMLENGTH.L29) || with(TJCTRAMLENGTH.L28) || with(TJCTRAMLENGTH.L27) || with(TJCTRAMLENGTH.L26) || with(TJCTRAMLENGTH.L25) || with(TJCTRAMLENGTH.L24) || with(TJCTRAMLENGTH.L23))",
					"z": 23
				},
				{
					"blockstate": "with(TJCTRAMTYPE.CATENARY) && (with(TJCTRAMLENGTH.L50) || with(TJCTRAMLENGTH.L49) || with(TJCTRAMLENGTH.L48) || with(TJCTRAMLENGTH.L47) || with(TJCTRAMLENGTH.L46) || with(TJCTRAMLENGTH.L45) || with(TJCTRAMLENGTH.L44) || with(TJCTRAMLENGTH.L43) || with(TJCTRAMLENGTH.L42) || with(TJCTRAMLENGTH.L41) || with(TJCTRAMLENGTH.L40) || with(TJCTRAMLENGTH.L39) || with(TJCTRAMLENGTH.L38) || with(TJCTRAMLENGTH.L37) || with(TJCTRAMLENGTH.L36) || with(TJCTRAMLENGTH.L35) || with(TJCTRAMLENGTH.L34) || with(TJCTRAMLENGTH.L33) || with(TJCTRAMLENGTH.L32) || with(TJCTRAMLENGTH.L31) || with(TJCTRAMLENGTH.L30) || with(TJCTRAMLENGTH.L29) || with(TJCTRAMLENGTH.L28) || with(TJCTRAMLENGTH.L27) || with(TJCTRAMLENGTH.L26) || with(TJCTRAMLENGTH.L25) || with(TJCTRAMLENGTH.L24))",
					"z": 24
				},
				{
					"blockstate": "with(TJCTRAMTYPE.CATENARY) && (with(TJCTRAMLENGTH.L50) || with(TJCTRAMLENGTH.L49) || with(TJCTRAMLENGTH.L48) || with(TJCTRAMLENGTH.L47) || with(TJCTRAMLENGTH.L46) || with(TJCTRAMLENGTH.L45) || with(TJCTRAMLENGTH.L44) || with(TJCTRAMLENGTH.L43) || with(TJCTRAMLENGTH.L42) || with(TJCTRAMLENGTH.L41) || with(TJCTRAMLENGTH.L40) || with(TJCTRAMLENGTH.L39) || with(TJCTRAMLENGTH.L38) || with(TJCTRAMLENGTH.L37) || with(TJCTRAMLENGTH.L36) || with(TJCTRAMLENGTH.L35) || with(TJCTRAMLENGTH.L34) || with(TJCTRAMLENGTH.L33) || with(TJCTRAMLENGTH.L32) || with(TJCTRAMLENGTH.L31) || with(TJCTRAMLENGTH.L30) || with(TJCTRAMLENGTH.L29) || with(TJCTRAMLENGTH.L28) || with(TJCTRAMLENGTH.L27) || with(TJCTRAMLENGTH.L26) || with(TJCTRAMLENGTH.L25))",
					"z": 25
				},
				{
					"blockstate": "with(TJCTRAMTYPE.CATENARY) && (with(TJCTRAMLENGTH.L50) || with(TJCTRAMLENGTH.L49) || with(TJCTRAMLENGTH.L48) || with(TJCTRAMLENGTH.L47) || with(TJCTRAMLENGTH.L46) || with(TJCTRAMLENGTH.L45) || with(TJCTRAMLENGTH.L44) || with(TJCTRAMLENGTH.L43) || with(TJCTRAMLENGTH.L42) || with(TJCTRAMLENGTH.L41) || with(TJCTRAMLENGTH.L40) || with(TJCTRAMLENGTH.L39) || with(TJCTRAMLENGTH.L38) || with(TJCTRAMLENGTH.L37) || with(TJCTRAMLENGTH.L36) || with(TJCTRAMLENGTH.L35) || with(TJCTRAMLENGTH.L34) || with(TJCTRAMLENGTH.L33) || with(TJCTRAMLENGTH.L32) || with(TJCTRAMLENGTH.L31) || with(TJCTRAMLENGTH.L30) || with(TJCTRAMLENGTH.L29) || with(TJCTRAMLENGTH.L28) || with(TJCTRAMLENGTH.L27) || with(TJCTRAMLENGTH.L26))",
					"z": 26
				},
				{
					"blockstate": "with(TJCTRAMTYPE.CATENARY) && (with(TJCTRAMLENGTH.L50) || with(TJCTRAMLENGTH.L49) || with(TJCTRAMLENGTH.L48) || with(TJCTRAMLENGTH.L47) || with(TJCTRAMLENGTH.L46) || with(TJCTRAMLENGTH.L45) || with(TJCTRAMLENGTH.L44) || with(TJCTRAMLENGTH.L43) || with(TJCTRAMLENGTH.L42) || with(TJCTRAMLENGTH.L41) || with(TJCTRAMLENGTH.L40) || with(TJCTRAMLENGTH.L39) || with(TJCTRAMLENGTH.L38) || with(TJCTRAMLENGTH.L37) || with(TJCTRAMLENGTH.L36) || with(TJCTRAMLENGTH.L35) || with(TJCTRAMLENGTH.L34) || with(TJCTRAMLENGTH.L33) || with(TJCTRAMLENGTH.L32) || with(TJCTRAMLENGTH.L31) || with(TJCTRAMLENGTH.L30) || with(TJCTRAMLENGTH.L29) || with(TJCTRAMLENGTH.L28) || with(TJCTRAMLENGTH.L27))",
					"z": 27
				},
				{
					"blockstate": "with(TJCTRAMTYPE.CATENARY) && (with(TJCTRAMLENGTH.L50) || with(TJCTRAMLENGTH.L49) || with(TJCTRAMLENGTH.L48) || with(TJCTRAMLENGTH.L47) || with(TJCTRAMLENGTH.L46) || with(TJCTRAMLENGTH.L45) || with(TJCTRAMLENGTH.L44) || with(TJCTRAMLENGTH.L43) || with(TJCTRAMLENGTH.L42) || with(TJCTRAMLENGTH.L41) || with(TJCTRAMLENGTH.L40) || with(TJCTRAMLENGTH.L39) || with(TJCTRAMLENGTH.L38) || with(TJCTRAMLENGTH.L37) || with(TJCTRAMLENGTH.L36) || with(TJCTRAMLENGTH.L35) || with(TJCTRAMLENGTH.L34) || with(TJCTRAMLENGTH.L33) || with(TJCTRAMLENGTH.L32) || with(TJCTRAMLENGTH.L31) || with(TJCTRAMLENGTH.L30) || with(TJCTRAMLENGTH.L29) || with(TJCTRAMLENGTH.L28))",
					"z": 28
				},
				{
					"blockstate": "with(TJCTRAMTYPE.CATENARY) && (with(TJCTRAMLENGTH.L50) || with(TJCTRAMLENGTH.L49) || with(TJCTRAMLENGTH.L48) || with(TJCTRAMLENGTH.L47) || with(TJCTRAMLENGTH.L46) || with(TJCTRAMLENGTH.L45) || with(TJCTRAMLENGTH.L44) || with(TJCTRAMLENGTH.L43) || with(TJCTRAMLENGTH.L42) || with(TJCTRAMLENGTH.L41) || with(TJCTRAMLENGTH.L40) || with(TJCTRAMLENGTH.L39) || with(TJCTRAMLENGTH.L38) || with(TJCTRAMLENGTH.L37) || with(TJCTRAMLENGTH.L36) || with(TJCTRAMLENGTH.L35) || with(TJCTRAMLENGTH.L34) || with(TJCTRAMLENGTH.L33) || with(TJCTRAMLENGTH.L32) || with(TJCTRAMLENGTH.L31) || with(TJCTRAMLENGTH.L30) || with(TJCTRAMLENGTH.L29))",
					"z": 29
				},
				{
					"blockstate": "with(TJCTRAMTYPE.CATENARY) && (with(TJCTRAMLENGTH.L50) || with(TJCTRAMLENGTH.L49) || with(TJCTRAMLENGTH.L48) || with(TJCTRAMLENGTH.L47) || with(TJCTRAMLENGTH.L46) || with(TJCTRAMLENGTH.L45) || with(TJCTRAMLENGTH.L44) || with(TJCTRAMLENGTH.L43) || with(TJCTRAMLENGTH.L42) || with(TJCTRAMLENGTH.L41) || with(TJCTRAMLENGTH.L40) || with(TJCTRAMLENGTH.L39) || with(TJCTRAMLENGTH.L38) || with(TJCTRAMLENGTH.L37) || with(TJCTRAMLENGTH.L36) || with(TJCTRAMLENGTH.L35) || with(TJCTRAMLENGTH.L34) || with(TJCTRAMLENGTH.L33) || with(TJCTRAMLENGTH.L32) || with(TJCTRAMLENGTH.L31) || with(TJCTRAMLENGTH.L30))",
					"z": 30
				},
				{
					"blockstate": "with(TJCTRAMTYPE.CATENARY) && (with(TJCTRAMLENGTH.L50) || with(TJCTRAMLENGTH.L49) || with(TJCTRAMLENGTH.L48) || with(TJCTRAMLENGTH.L47) || with(TJCTRAMLENGTH.L46) || with(TJCTRAMLENGTH.L45) || with(TJCTRAMLENGTH.L44) || with(TJCTRAMLENGTH.L43) || with(TJCTRAMLENGTH.L42) || with(TJCTRAMLENGTH.L41) || with(TJCTRAMLENGTH.L40) || with(TJCTRAMLENGTH.L39) || with(TJCTRAMLENGTH.L38) || with(TJCTRAMLENGTH.L37) || with(TJCTRAMLENGTH.L36) || with(TJCTRAMLENGTH.L35) || with(TJCTRAMLENGTH.L34) || with(TJCTRAMLENGTH.L33) || with(TJCTRAMLENGTH.L32) || with(TJCTRAMLENGTH.L31))",
					"z": 31
				},
				{
					"blockstate": "with(TJCTRAMTYPE.CATENARY) && (with(TJCTRAMLENGTH.L50) || with(TJCTRAMLENGTH.L49) || with(TJCTRAMLENGTH.L48) || with(TJCTRAMLENGTH.L47) || with(TJCTRAMLENGTH.L46) || with(TJCTRAMLENGTH.L45) || with(TJCTRAMLENGTH.L44) || with(TJCTRAMLENGTH.L43) || with(TJCTRAMLENGTH.L42) || with(TJCTRAMLENGTH.L41) || with(TJCTRAMLENGTH.L40) || with(TJCTRAMLENGTH.L39) || with(TJCTRAMLENGTH.L38) || with(TJCTRAMLENGTH.L37) || with(TJCTRAMLENGTH.L36) || with(TJCTRAMLENGTH.L35) || with(TJCTRAMLENGTH.L34) || with(TJCTRAMLENGTH.L33) || with(TJCTRAMLENGTH.L32))",
					"z": 32
				},
				{
					"blockstate": "with(TJCTRAMTYPE.CATENARY) && (with(TJCTRAMLENGTH.L50) || with(TJCTRAMLENGTH.L49) || with(TJCTRAMLENGTH.L48) || with(TJCTRAMLENGTH.L47) || with(TJCTRAMLENGTH.L46) || with(TJCTRAMLENGTH.L45) || with(TJCTRAMLENGTH.L44) || with(TJCTRAMLENGTH.L43) || with(TJCTRAMLENGTH.L42) || with(TJCTRAMLENGTH.L41) || with(TJCTRAMLENGTH.L40) || with(TJCTRAMLENGTH.L39) || with(TJCTRAMLENGTH.L38) || with(TJCTRAMLENGTH.L37) || with(TJCTRAMLENGTH.L36) || with(TJCTRAMLENGTH.L35) || with(TJCTRAMLENGTH.L34) || with(TJCTRAMLENGTH.L33))",
					"z": 33
				},
				{
					"blockstate": "with(TJCTRAMTYPE.CATENARY) && (with(TJCTRAMLENGTH.L50) || with(TJCTRAMLENGTH.L49) || with(TJCTRAMLENGTH.L48) || with(TJCTRAMLENGTH.L47) || with(TJCTRAMLENGTH.L46) || with(TJCTRAMLENGTH.L45) || with(TJCTRAMLENGTH.L44) || with(TJCTRAMLENGTH.L43) || with(TJCTRAMLENGTH.L42) || with(TJCTRAMLENGTH.L41) || with(TJCTRAMLENGTH.L40) || with(TJCTRAMLENGTH.L39) || with(TJCTRAMLENGTH.L38) || with(TJCTRAMLENGTH.L37) || with(TJCTRAMLENGTH.L36) || with(TJCTRAMLENGTH.L35) || with(TJCTRAMLENGTH.L34))",
					"z": 34
				},
				{
					"blockstate": "with(TJCTRAMTYPE.CATENARY) && (with(TJCTRAMLENGTH.L50) || with(TJCTRAMLENGTH.L49) || with(TJCTRAMLENGTH.L48) || with(TJCTRAMLENGTH.L47) || with(TJCTRAMLENGTH.L46) || with(TJCTRAMLENGTH.L45) || with(TJCTRAMLENGTH.L44) || with(TJCTRAMLENGTH.L43) || with(TJCTRAMLENGTH.L42) || with(TJCTRAMLENGTH.L41) || with(TJCTRAMLENGTH.L40) || with(TJCTRAMLENGTH.L39) || with(TJCTRAMLENGTH.L38) || with(TJCTRAMLENGTH.L37) || with(TJCTRAMLENGTH.L36) || with(TJCTRAMLENGTH.L35))",
					"z": 35
				},
				{
					"blockstate": "with(TJCTRAMTYPE.CATENARY) && (with(TJCTRAMLENGTH.L50) || with(TJCTRAMLENGTH.L49) || with(TJCTRAMLENGTH.L48) || with(TJCTRAMLENGTH.L47) || with(TJCTRAMLENGTH.L46) || with(TJCTRAMLENGTH.L45) || with(TJCTRAMLENGTH.L44) || with(TJCTRAMLENGTH.L43) || with(TJCTRAMLENGTH.L42) || with(TJCTRAMLENGTH.L41) || with(TJCTRAMLENGTH.L40) || with(TJCTRAMLENGTH.L39) || with(TJCTRAMLENGTH.L38) || with(TJCTRAMLENGTH.L37) || with(TJCTRAMLENGTH.L36))",
					"z": 36
				},
				{
					"blockstate": "with(TJCTRAMTYPE.CATENARY) && (with(TJCTRAMLENGTH.L50) || with(TJCTRAMLENGTH.L49) || with(TJCTRAMLENGTH.L48) || with(TJCTRAMLENGTH.L47) || with(TJCTRAMLENGTH.L46) || with(TJCTRAMLENGTH.L45) || with(TJCTRAMLENGTH.L44) || with(TJCTRAMLENGTH.L43) || with(TJCTRAMLENGTH.L42) || with(TJCTRAMLENGTH.L41) || with(TJCTRAMLENGTH.L40) || with(TJCTRAMLENGTH.L39) || with(TJCTRAMLENGTH.L38))",
					"z": 37
				},
				{
					"blockstate": "with(TJCTRAMTYPE.CATENARY) && (with(TJCTRAMLENGTH.L50) || with(TJCTRAMLENGTH.L49) || with(TJCTRAMLENGTH.L48) || with(TJCTRAMLENGTH.L47) || with(TJCTRAMLENGTH.L46) || with(TJCTRAMLENGTH.L45) || with(TJCTRAMLENGTH.L44) || with(TJCTRAMLENGTH.L43) || with(TJCTRAMLENGTH.L42) || with(TJCTRAMLENGTH.L41) || with(TJCTRAMLENGTH.L40) || with(TJCTRAMLENGTH.L39))",
					"z": 38
				},
				{
					"blockstate": "with(TJCTRAMTYPE.CATENARY) && (with(TJCTRAMLENGTH.L50) || with(TJCTRAMLENGTH.L49) || with(TJCTRAMLENGTH.L48) || with(TJCTRAMLENGTH.L47) || with(TJCTRAMLENGTH.L46) || with(TJCTRAMLENGTH.L45) || with(TJCTRAMLENGTH.L44) || with(TJCTRAMLENGTH.L43) || with(TJCTRAMLENGTH.L42) || with(TJCTRAMLENGTH.L41) || with(TJCTRAMLENGTH.L40))",
					"z": 39
				},
				{
					"blockstate": "with(TJCTRAMTYPE.CATENARY) && (with(TJCTRAMLENGTH.L50) || with(TJCTRAMLENGTH.L49) || with(TJCTRAMLENGTH.L48) || with(TJCTRAMLENGTH.L47) || with(TJCTRAMLENGTH.L46) || with(TJCTRAMLENGTH.L45) || with(TJCTRAMLENGTH.L44) || with(TJCTRAMLENGTH.L43) || with(TJCTRAMLENGTH.L42) || with(TJCTRAMLENGTH.L41))",
					"z": 40
				},
				{
					"blockstate": "with(TJCTRAMTYPE.CATENARY) && (with(TJCTRAMLENGTH.L50) || with(TJCTRAMLENGTH.L49) || with(TJCTRAMLENGTH.L48) || with(TJCTRAMLENGTH.L47) || with(TJCTRAMLENGTH.L46) || with(TJCTRAMLENGTH.L45) || with(TJCTRAMLENGTH.L44) || with(TJCTRAMLENGTH.L43) || with(TJCTRAMLENGTH.L42))",
					"z": 41
				},
				{
					"blockstate": "with(TJCTRAMTYPE.CATENARY) && (with(TJCTRAMLENGTH.L50) || with(TJCTRAMLENGTH.L49) || with(TJCTRAMLENGTH.L48) || with(TJCTRAMLENGTH.L47) || with(TJCTRAMLENGTH.L46) || with(TJCTRAMLENGTH.L45) || with(TJCTRAMLENGTH.L44) || with(TJCTRAMLENGTH.L43))",
					"z": 42
				},
				{
					"blockstate": "with(TJCTRAMTYPE.CATENARY) && (with(TJCTRAMLENGTH.L50) || with(TJCTRAMLENGTH.L49) || with(TJCTRAMLENGTH.L48) || with(TJCTRAMLENGTH.L47) || with(TJCTRAMLENGTH.L46) || with(TJCTRAMLENGTH.L45) || with(TJCTRAMLENGTH.L44))",
					"z": 43
				},
				{
					"blockstate": "with(TJCTRAMTYPE.CATENARY) && (with(TJCTRAMLENGTH.L50) || with(TJCTRAMLENGTH.L49) || with(TJCTRAMLENGTH.L48) || with(TJCTRAMLENGTH.L47) || with(TJCTRAMLENGTH.L46) || with(TJCTRAMLENGTH.L45))",
					"z": 44
				},
				{
					"blockstate": "with(TJCTRAMTYPE.CATENARY) && (with(TJCTRAMLENGTH.L50) || with(TJCTRAMLENGTH.L49) || with(TJCTRAMLENGTH.L48) || with(TJCTRAMLENGTH.L47) || with(TJCTRAMLENGTH.L46))",
					"z": 45
				},
				{
					"blockstate": "with(TJCTRAMTYPE.CATENARY) && (with(TJCTRAMLENGTH.L50) || with(TJCTRAMLENGTH.L49) || with(TJCTRAMLENGTH.L48) || with(TJCTRAMLENGTH.L47))",
					"z": 46
				},
				{
					"blockstate": "with(TJCTRAMTYPE.CATENARY) && (with(TJCTRAMLENGTH.L50) || with(TJCTRAMLENGTH.L49) || with(TJCTRAMLENGTH.L48))",
					"z": 47
				},
				{
					"blockstate": "with(TJCTRAMTYPE.CATENARY) && (with(TJCTRAMLENGTH.L50) || with(TJCTRAMLENGTH.L49))",
					"z": 48
				},
				{
					"blockstate": "with(TJCTRAMTYPE.CATENARY) && with(TJCTRAMLENGTH.L50)",
					"z": 49
				}
			],
			"y": 0.875
		},
		"tjc/tram/catenary_half": {
			"textures": [
				{
					"blockstate": "with(TJCTRAMTYPE.CATENARY) && (with(TJCTRAMLENGTH.L50) || with(TJCTRAMLENGTH.L49) || with(TJCTRAMLENGTH.L48) || with(TJCTRAMLENGTH.L47) || with(TJCTRAMLENGTH.L46) || with(TJCTRAMLENGTH.L45) || with(TJCTRAMLENGTH.L44) || with(TJCTRAMLENGTH.L43) || with(TJCTRAMLENGTH.L42) || with(TJCTRAMLENGTH.L41) || with(TJCTRAMLENGTH.L40) || with(TJCTRAMLENGTH.L39) || with(TJCTRAMLENGTH.L38) || with(TJCTRAMLENGTH.L37) || with(TJCTRAMLENGTH.L36) || with(TJCTRAMLENGTH.L35) || with(TJCTRAMLENGTH.L34) || with(TJCTRAMLENGTH.L33) || with(TJCTRAMLENGTH.L32) || with(TJCTRAMLENGTH.L31) || with(TJCTRAMLENGTH.L30) || with(TJCTRAMLENGTH.L29) || with(TJCTRAMLENGTH.L28) || with(TJCTRAMLENGTH.L27) || with(TJCTRAMLENGTH.L26) || with(TJCTRAMLENGTH.L25) || with(TJCTRAMLENGTH.L24) || with(TJCTRAMLENGTH.L23) || with(TJCTRAMLENGTH.L22) || with(TJCTRAMLENGTH.L21) || with(TJCTRAMLENGTH.L20) || with(TJCTRAMLENGTH.L19) || with(TJCTRAMLENGTH.L18) || with(TJCTRAMLENGTH.L17) || with(TJCTRAMLENGTH.L16) || with(TJCTRAMLENGTH.L15) || with(TJCTRAMLENGTH.L14) || with(TJCTRAMLENGTH.L13) || with(TJCTRAMLENGTH.L12) || with(TJCTRAMLENGTH.L11) || with(TJCTRAMLENGTH.L10) || with(TJCTRAMLENGTH.L9))",
					"z": -1
				}
			],
			"y": 0.875
		}
    }
}