{
	"credit": "Made with Blockbench by Mc_Jeronimo",
	"textures": {
		"2": "opensignals:blocks/tjc/resedagruen",
		"4": "opensignals:blocks/tjc/oberleitung",
		"5": "opensignals:blocks/tjc/graubraun",
		"particle": "opensignals:blocks/tjc/graubraun"
	},
	"elements": [
		{
			"from": [-10.875, 1, 7.75],
			"to": [21.125, 1.5, 8.25],
			"rotation": {"angle": 0, "axis": "y", "origin": [7.75, 15.125, 7.375]},
			"faces": {
				"north": {"uv": [0, 0, 16, 0.5], "texture": "#4"},
				"east": {"uv": [1, 0, 1.5, 0.5], "texture": "#4"},
				"south": {"uv": [0, 0, 16, 0.5], "texture": "#4"},
				"west": {"uv": [1, 0, 1.5, 0.5], "texture": "#4"},
				"up": {"uv": [0, 0, 16, 0.5], "rotation": 180, "texture": "#4"},
				"down": {"uv": [0, 0, 16, 0.5], "rotation": 180, "texture": "#4"}
			}
		},
		{
			"from": [-10.375, 1, 7.75],
			"to": [-9.875, 11.5, 8.25],
			"rotation": {"angle": 0, "axis": "y", "origin": [7.75, 15.125, 7.375]},
			"faces": {
				"north": {"uv": [1, 0, 1.5, 10.5], "texture": "#4"},
				"east": {"uv": [1, 0, 1.5, 10.5], "texture": "#4"},
				"south": {"uv": [1, 0, 1.5, 10.5], "texture": "#4"},
				"west": {"uv": [1, 0, 1.5, 10.5], "texture": "#4"},
				"up": {"uv": [1, 0, 1.5, 0.5], "rotation": 180, "texture": "#4"},
				"down": {"uv": [1, 0, 1.5, 0.5], "rotation": 180, "texture": "#4"}
			}
		},
		{
			"from": [5.125, 1, 7.75],
			"to": [5.625, 11.5, 8.25],
			"rotation": {"angle": 0, "axis": "y", "origin": [7.75, 15.125, 7.375]},
			"faces": {
				"north": {"uv": [1, 0, 1.5, 10.5], "texture": "#4"},
				"east": {"uv": [1, 0, 1.5, 10.5], "texture": "#4"},
				"south": {"uv": [1, 0, 1.5, 10.5], "texture": "#4"},
				"west": {"uv": [1, 0, 1.5, 10.5], "texture": "#4"},
				"up": {"uv": [1, 0, 1.5, 0.5], "rotation": 180, "texture": "#4"},
				"down": {"uv": [1, 0, 1.5, 0.5], "rotation": 180, "texture": "#4"}
			}
		},
		{
			"from": [-10.875, 11, 7.75],
			"to": [21.125, 11.5, 8.25],
			"rotation": {"angle": 0, "axis": "y", "origin": [7.75, 15.125, 7.375]},
			"faces": {
				"north": {"uv": [0, 0, 16, 0.5], "texture": "#4"},
				"east": {"uv": [1, 0, 1.5, 0.5], "texture": "#4"},
				"south": {"uv": [0, 0, 16, 0.5], "texture": "#4"},
				"west": {"uv": [1, 0, 1.5, 0.5], "texture": "#4"},
				"up": {"uv": [0, 0, 16, 0.5], "rotation": 180, "texture": "#4"},
				"down": {"uv": [0, 0, 16, 0.5], "rotation": 180, "texture": "#4"}
			}
		},
		{
			"from": [8.3304, 18.10996, 7.75],
			"to": [9.3304, 18.60996, 8.25],
			"rotation": {"angle": 22.5, "axis": "z", "origin": [7.75, 15.125, 7.375]},
			"faces": {
				"north": {"uv": [1, 0, 2, 0.5], "texture": "#4"},
				"east": {"uv": [1, 0, 1.5, 0.5], "texture": "#4"},
				"south": {"uv": [1, 0, 2, 0.5], "texture": "#4"},
				"west": {"uv": [1, 0, 1.5, 0.5], "texture": "#4"},
				"up": {"uv": [1, 0, 2, 0.5], "rotation": 180, "texture": "#4"},
				"down": {"uv": [1, 0, 2, 0.5], "rotation": 180, "texture": "#4"}
			}
		},
		{
			"from": [9.3304, 18.30996, 7.75],
			"to": [10.3304, 18.80996, 8.25],
			"rotation": {"angle": 22.5, "axis": "z", "origin": [7.75, 15.125, 7.375]},
			"faces": {
				"north": {"uv": [1, 0, 2, 0.5], "texture": "#4"},
				"east": {"uv": [1, 0, 1.5, 0.5], "texture": "#4"},
				"south": {"uv": [1, 0, 2, 0.5], "texture": "#4"},
				"west": {"uv": [1, 0, 1.5, 0.5], "texture": "#4"},
				"up": {"uv": [1, 0, 2, 0.5], "rotation": 180, "texture": "#4"},
				"down": {"uv": [1, 0, 2, 0.5], "rotation": 180, "texture": "#4"}
			}
		},
		{
			"from": [10.3304, 18.50996, 7.75],
			"to": [11.3304, 19.00996, 8.25],
			"rotation": {"angle": 22.5, "axis": "z", "origin": [7.75, 15.125, 7.375]},
			"faces": {
				"north": {"uv": [1, 0, 2, 0.5], "texture": "#4"},
				"east": {"uv": [1, 0, 1.5, 0.5], "texture": "#4"},
				"south": {"uv": [1, 0, 2, 0.5], "texture": "#4"},
				"west": {"uv": [1, 0, 1.5, 0.5], "texture": "#4"},
				"up": {"uv": [1, 0, 2, 0.5], "rotation": 180, "texture": "#4"},
				"down": {"uv": [1, 0, 2, 0.5], "rotation": 180, "texture": "#4"}
			}
		},
		{
			"from": [11.3304, 18.70996, 7.75],
			"to": [12.3304, 19.20996, 8.25],
			"rotation": {"angle": 22.5, "axis": "z", "origin": [7.75, 15.125, 7.375]},
			"faces": {
				"north": {"uv": [1, 0, 2, 0.5], "texture": "#4"},
				"east": {"uv": [1, 0, 1.5, 0.5], "texture": "#4"},
				"south": {"uv": [1, 0, 2, 0.5], "texture": "#4"},
				"west": {"uv": [1, 0, 1.5, 0.5], "texture": "#4"},
				"up": {"uv": [1, 0, 2, 0.5], "rotation": 180, "texture": "#4"},
				"down": {"uv": [1, 0, 2, 0.5], "rotation": 180, "texture": "#4"}
			}
		},
		{
			"from": [12.3304, 18.90996, 7.75],
			"to": [13.3304, 19.40996, 8.25],
			"rotation": {"angle": 22.5, "axis": "z", "origin": [7.75, 15.125, 7.375]},
			"faces": {
				"north": {"uv": [1, 0, 2, 0.5], "texture": "#4"},
				"east": {"uv": [1, 0, 1.5, 0.5], "texture": "#4"},
				"south": {"uv": [1, 0, 2, 0.5], "texture": "#4"},
				"west": {"uv": [1, 0, 1.5, 0.5], "texture": "#4"},
				"up": {"uv": [1, 0, 2, 0.5], "rotation": 180, "texture": "#4"},
				"down": {"uv": [1, 0, 2, 0.5], "rotation": 180, "texture": "#4"}
			}
		},
		{
			"from": [24.77513, 15.36879, 7.75],
			"to": [27.38173, 15.86879, 8.25],
			"rotation": {"angle": 45, "axis": "z", "origin": [7.75, 15.125, 7.375]},
			"faces": {
				"north": {"uv": [2.6066, 0, 5.2132, 0.5], "texture": "#4"},
				"east": {"uv": [1, 0, 1.5, 0.5], "texture": "#4"},
				"south": {"uv": [2.6066, 0, 5.2132, 0.5], "texture": "#4"},
				"west": {"uv": [1, 0, 1.5, 0.5], "texture": "#4"},
				"up": {"uv": [2.6066, 0, 5.2132, 0.5], "rotation": 180, "texture": "#4"},
				"down": {"uv": [2.6066, 0, 5.2132, 0.5], "rotation": 180, "texture": "#4"}
			}
		},
		{
			"from": [22.77513, 15.56879, 7.75],
			"to": [24.77513, 16.06879, 8.25],
			"rotation": {"angle": 45, "axis": "z", "origin": [7.75, 15.125, 7.375]},
			"faces": {
				"north": {"uv": [2, 0, 4, 0.5], "texture": "#4"},
				"east": {"uv": [1, 0, 1.5, 0.5], "texture": "#4"},
				"south": {"uv": [2, 0, 4, 0.5], "texture": "#4"},
				"west": {"uv": [1, 0, 1.5, 0.5], "texture": "#4"},
				"up": {"uv": [2, 0, 4, 0.5], "rotation": 180, "texture": "#4"},
				"down": {"uv": [2, 0, 4, 0.5], "rotation": 180, "texture": "#4"}
			}
		},
		{
			"from": [20.77513, 15.76879, 7.75],
			"to": [22.77513, 16.26879, 8.25],
			"rotation": {"angle": 45, "axis": "z", "origin": [7.75, 15.125, 7.375]},
			"faces": {
				"north": {"uv": [2, 0, 4, 0.5], "texture": "#4"},
				"east": {"uv": [1, 0, 1.5, 0.5], "texture": "#4"},
				"south": {"uv": [2, 0, 4, 0.5], "texture": "#4"},
				"west": {"uv": [1, 0, 1.5, 0.5], "texture": "#4"},
				"up": {"uv": [2, 0, 4, 0.5], "rotation": 180, "texture": "#4"},
				"down": {"uv": [2, 0, 4, 0.5], "rotation": 180, "texture": "#4"}
			}
		},
		{
			"from": [18.77513, 15.96879, 7.75],
			"to": [20.77513, 16.46879, 8.25],
			"rotation": {"angle": 45, "axis": "z", "origin": [7.75, 15.125, 7.375]},
			"faces": {
				"north": {"uv": [2, 0, 4, 0.5], "texture": "#4"},
				"east": {"uv": [1, 0, 1.5, 0.5], "texture": "#4"},
				"south": {"uv": [2, 0, 4, 0.5], "texture": "#4"},
				"west": {"uv": [1, 0, 1.5, 0.5], "texture": "#4"},
				"up": {"uv": [2, 0, 4, 0.5], "rotation": 180, "texture": "#4"},
				"down": {"uv": [2, 0, 4, 0.5], "rotation": 180, "texture": "#4"}
			}
		},
		{
			"from": [16.77513, 16.16879, 7.75],
			"to": [18.77513, 16.66879, 8.25],
			"rotation": {"angle": 45, "axis": "z", "origin": [7.75, 15.125, 7.375]},
			"faces": {
				"north": {"uv": [2, 0, 4, 0.5], "texture": "#4"},
				"east": {"uv": [1, 0, 1.5, 0.5], "texture": "#4"},
				"south": {"uv": [2, 0, 4, 0.5], "texture": "#4"},
				"west": {"uv": [1, 0, 1.5, 0.5], "texture": "#4"},
				"up": {"uv": [2, 0, 4, 0.5], "rotation": 180, "texture": "#4"},
				"down": {"uv": [2, 0, 4, 0.5], "rotation": 180, "texture": "#4"}
			}
		},
		{
			"from": [15.17513, 16.36879, 7.75],
			"to": [16.67513, 16.86879, 8.25],
			"rotation": {"angle": 45, "axis": "z", "origin": [7.75, 15.125, 7.375]},
			"faces": {
				"north": {"uv": [1.5, 0, 3, 0.5], "texture": "#4"},
				"east": {"uv": [1, 0, 1.5, 0.5], "texture": "#4"},
				"south": {"uv": [1.5, 0, 3, 0.5], "texture": "#4"},
				"west": {"uv": [1, 0, 1.5, 0.5], "texture": "#4"},
				"up": {"uv": [1.5, 0, 3, 0.5], "rotation": 180, "texture": "#4"},
				"down": {"uv": [1.5, 0, 3, 0.5], "rotation": 180, "texture": "#4"}
			}
		},
		{
			"from": [13.02409, 19.10691, 7.75],
			"to": [14.12409, 19.60691, 8.25],
			"rotation": {"angle": 22.5, "axis": "z", "origin": [7.75, 15.125, 7.375]},
			"faces": {
				"north": {"uv": [1.1, 0, 2.2, 0.5], "texture": "#4"},
				"east": {"uv": [1, 0, 1.5, 0.5], "texture": "#4"},
				"south": {"uv": [1.1, 0, 2.2, 0.5], "texture": "#4"},
				"west": {"uv": [1, 0, 1.5, 0.5], "texture": "#4"},
				"up": {"uv": [1.1, 0, 2.2, 0.5], "rotation": 180, "texture": "#4"},
				"down": {"uv": [1.1, 0, 2.2, 0.5], "rotation": 180, "texture": "#4"}
			}
		},
		{
			"from": [-7.46573, 11.7, 7.75],
			"to": [-6.76573, 12.2, 8.25],
			"rotation": {"angle": 0, "axis": "y", "origin": [7.75, 15.125, 7.375]},
			"faces": {
				"north": {"uv": [0.7, 0, 1.4, 0.5], "texture": "#4"},
				"east": {"uv": [1, 0, 1.5, 0.5], "texture": "#4"},
				"south": {"uv": [0.7, 0, 1.4, 0.5], "texture": "#4"},
				"west": {"uv": [1, 0, 1.5, 0.5], "texture": "#4"},
				"up": {"uv": [0.7, 0, 1.4, 0.5], "rotation": 180, "texture": "#4"},
				"down": {"uv": [0.7, 0, 1.4, 0.5], "rotation": 180, "texture": "#4"}
			}
		},
		{
			"from": [-8.46573, 11.6, 7.75],
			"to": [-7.46573, 12.1, 8.25],
			"rotation": {"angle": 0, "axis": "y", "origin": [7.75, 15.125, 7.375]},
			"faces": {
				"north": {"uv": [1, 0, 2, 0.5], "texture": "#4"},
				"east": {"uv": [1, 0, 1.5, 0.5], "texture": "#4"},
				"south": {"uv": [1, 0, 2, 0.5], "texture": "#4"},
				"west": {"uv": [1, 0, 1.5, 0.5], "texture": "#4"},
				"up": {"uv": [1, 0, 2, 0.5], "rotation": 180, "texture": "#4"},
				"down": {"uv": [1, 0, 2, 0.5], "rotation": 180, "texture": "#4"}
			}
		},
		{
			"from": [-9.46573, 11.4, 7.75],
			"to": [-8.46573, 11.9, 8.25],
			"rotation": {"angle": 0, "axis": "y", "origin": [7.75, 15.125, 7.375]},
			"faces": {
				"north": {"uv": [1, 0, 2, 0.5], "texture": "#4"},
				"east": {"uv": [1, 0, 1.5, 0.5], "texture": "#4"},
				"south": {"uv": [1, 0, 2, 0.5], "texture": "#4"},
				"west": {"uv": [1, 0, 1.5, 0.5], "texture": "#4"},
				"up": {"uv": [1, 0, 2, 0.5], "rotation": 180, "texture": "#4"},
				"down": {"uv": [1, 0, 2, 0.5], "rotation": 180, "texture": "#4"}
			}
		},
		{
			"from": [-10.46573, 11.2, 7.75],
			"to": [-9.46573, 11.7, 8.25],
			"rotation": {"angle": 0, "axis": "y", "origin": [7.75, 15.125, 7.375]},
			"faces": {
				"north": {"uv": [1, 0, 2, 0.5], "texture": "#4"},
				"east": {"uv": [1, 0, 1.5, 0.5], "texture": "#4"},
				"south": {"uv": [1, 0, 2, 0.5], "texture": "#4"},
				"west": {"uv": [1, 0, 1.5, 0.5], "texture": "#4"},
				"up": {"uv": [1, 0, 2, 0.5], "rotation": 180, "texture": "#4"},
				"down": {"uv": [1, 0, 2, 0.5], "rotation": 180, "texture": "#4"}
			}
		},
		{
			"from": [-6.9696, 17.50996, 7.75],
			"to": [-5.4696, 18.00996, 8.25],
			"rotation": {"angle": 22.5, "axis": "z", "origin": [7.75, 15.125, 7.375]},
			"faces": {
				"north": {"uv": [1.5, 0, 3, 0.5], "texture": "#4"},
				"east": {"uv": [1, 0, 1.5, 0.5], "texture": "#4"},
				"south": {"uv": [1.5, 0, 3, 0.5], "texture": "#4"},
				"west": {"uv": [1, 0, 1.5, 0.5], "texture": "#4"},
				"up": {"uv": [1.5, 0, 3, 0.5], "rotation": 180, "texture": "#4"},
				"down": {"uv": [1.5, 0, 3, 0.5], "rotation": 180, "texture": "#4"}
			}
		},
		{
			"from": [-5.45136, 17.61616, 7.75],
			"to": [2.34864, 18.11616, 8.25],
			"rotation": {"angle": 22.5, "axis": "z", "origin": [7.75, 15.125, 7.375]},
			"faces": {
				"north": {"uv": [7.8, 0, 15.6, 0.5], "texture": "#4"},
				"east": {"uv": [1, 0, 1.5, 0.5], "texture": "#4"},
				"south": {"uv": [7.8, 0, 15.6, 0.5], "texture": "#4"},
				"west": {"uv": [1, 0, 1.5, 0.5], "texture": "#4"},
				"up": {"uv": [7.8, 0, 15.6, 0.5], "rotation": 180, "texture": "#4"},
				"down": {"uv": [7.8, 0, 15.6, 0.5], "rotation": 180, "texture": "#4"}
			}
		},
		{
			"from": [2.34864, 17.81616, 7.75],
			"to": [6.34864, 18.31616, 8.25],
			"rotation": {"angle": 22.5, "axis": "z", "origin": [7.75, 15.125, 7.375]},
			"faces": {
				"north": {"uv": [4, 0, 8, 0.5], "texture": "#4"},
				"east": {"uv": [1, 0, 1.5, 0.5], "texture": "#4"},
				"south": {"uv": [4, 0, 8, 0.5], "texture": "#4"},
				"west": {"uv": [1, 0, 1.5, 0.5], "texture": "#4"},
				"up": {"uv": [4, 0, 8, 0.5], "rotation": 180, "texture": "#4"},
				"down": {"uv": [4, 0, 8, 0.5], "rotation": 180, "texture": "#4"}
			}
		},
		{
			"from": [6.34864, 17.91616, 7.75],
			"to": [8.34864, 18.41616, 8.25],
			"rotation": {"angle": 22.5, "axis": "z", "origin": [7.75, 15.125, 7.375]},
			"faces": {
				"north": {"uv": [2, 0, 4, 0.5], "texture": "#4"},
				"east": {"uv": [1, 0, 1.5, 0.5], "texture": "#4"},
				"south": {"uv": [2, 0, 4, 0.5], "texture": "#4"},
				"west": {"uv": [1, 0, 1.5, 0.5], "texture": "#4"},
				"up": {"uv": [2, 0, 4, 0.5], "rotation": 180, "texture": "#4"},
				"down": {"uv": [2, 0, 4, 0.5], "rotation": 180, "texture": "#4"}
			}
		},
		{
			"from": [23.875, 0.2, 7],
			"to": [24.375, 2.2, 9],
			"rotation": {"angle": 0, "axis": "y", "origin": [7.75, 15.125, 7.375]},
			"faces": {
				"north": {"uv": [0.5, 0, 0, 2], "texture": "#5"},
				"east": {"uv": [2, 0, 0, 2], "texture": "#5"},
				"south": {"uv": [0.5, 0, 0, 2], "texture": "#5"},
				"west": {"uv": [2, 0, 0, 2], "texture": "#5"},
				"up": {"uv": [0, 0.5, 2, 0], "rotation": 90, "texture": "#5"},
				"down": {"uv": [0, 0.5, 2, 0], "rotation": 270, "texture": "#5"}
			}
		},
		{
			"from": [22.875, 0.2, 7],
			"to": [23.375, 2.2, 9],
			"rotation": {"angle": 0, "axis": "y", "origin": [7.75, 15.125, 7.375]},
			"faces": {
				"north": {"uv": [0.5, 0, 0, 2], "texture": "#5"},
				"east": {"uv": [2, 0, 0, 2], "texture": "#5"},
				"south": {"uv": [0.5, 0, 0, 2], "texture": "#5"},
				"west": {"uv": [2, 0, 0, 2], "texture": "#5"},
				"up": {"uv": [0, 0.5, 2, 0], "rotation": 90, "texture": "#5"},
				"down": {"uv": [0, 0.5, 2, 0], "rotation": 270, "texture": "#5"}
			}
		},
		{
			"from": [21.875, 0.2, 7],
			"to": [22.375, 2.2, 9],
			"rotation": {"angle": 0, "axis": "y", "origin": [7.75, 15.125, 7.375]},
			"faces": {
				"north": {"uv": [0.5, 0, 0, 2], "texture": "#5"},
				"east": {"uv": [2, 0, 0, 2], "texture": "#5"},
				"south": {"uv": [0.5, 0, 0, 2], "texture": "#5"},
				"west": {"uv": [2, 0, 0, 2], "texture": "#5"},
				"up": {"uv": [0, 0.5, 2, 0], "rotation": 90, "texture": "#5"},
				"down": {"uv": [0, 0.5, 2, 0], "rotation": 270, "texture": "#5"}
			}
		},
		{
			"from": [21.125, 1, 7.75],
			"to": [25.625, 1.5, 8.25],
			"rotation": {"angle": 0, "axis": "y", "origin": [7.75, 15.125, 7.375]},
			"faces": {
				"north": {"uv": [1, 0, 0, 1], "texture": "#5"},
				"east": {"uv": [5.5, 0, 0, 1], "texture": "#5"},
				"south": {"uv": [1, 0, 0, 1], "texture": "#5"},
				"west": {"uv": [5.5, 0, 0, 1], "texture": "#5"},
				"up": {"uv": [1, 0, 0, 5.5], "rotation": 180, "texture": "#5"},
				"down": {"uv": [1, 0, 0, 5.5], "rotation": 180, "texture": "#5"}
			}
		},
		{
			"from": [25.125, 0.3, 7],
			"to": [26.125, 2.3, 9],
			"rotation": {"angle": 0, "axis": "y", "origin": [7.75, 15.125, 7.375]},
			"faces": {
				"north": {"uv": [1, 0, 2, 2], "texture": "#2"},
				"east": {"uv": [2, 0, 4, 2], "texture": "#2"},
				"south": {"uv": [1, 0, 2, 2], "texture": "#2"},
				"west": {"uv": [2, 0, 4, 2], "texture": "#2"},
				"up": {"uv": [0, 1, 2, 2], "rotation": 90, "texture": "#2"},
				"down": {"uv": [0, 1, 2, 2], "rotation": 270, "texture": "#2"}
			}
		},
		{
			"from": [25.125, 28.3, 7],
			"to": [26.125, 30.3, 9],
			"rotation": {"angle": 0, "axis": "y", "origin": [7.75, 15.125, 7.375]},
			"faces": {
				"north": {"uv": [1, 0, 2, 2], "texture": "#2"},
				"east": {"uv": [2, 0, 4, 2], "texture": "#2"},
				"south": {"uv": [1, 0, 2, 2], "texture": "#2"},
				"west": {"uv": [2, 0, 4, 2], "texture": "#2"},
				"up": {"uv": [0, 1, 2, 2], "rotation": 90, "texture": "#2"},
				"down": {"uv": [0, 1, 2, 2], "rotation": 270, "texture": "#2"}
			}
		},
		{
			"from": [21.125, 29, 7.75],
			"to": [25.625, 29.5, 8.25],
			"rotation": {"angle": 0, "axis": "y", "origin": [7.75, 15.125, 7.375]},
			"faces": {
				"north": {"uv": [1, 0, 0, 1], "texture": "#5"},
				"east": {"uv": [5.5, 0, 0, 1], "texture": "#5"},
				"south": {"uv": [1, 0, 0, 1], "texture": "#5"},
				"west": {"uv": [5.5, 0, 0, 1], "texture": "#5"},
				"up": {"uv": [1, 0, 0, 5.5], "rotation": 180, "texture": "#5"},
				"down": {"uv": [1, 0, 0, 5.5], "rotation": 180, "texture": "#5"}
			}
		},
		{
			"from": [23.875, 28.2, 7],
			"to": [24.375, 30.2, 9],
			"rotation": {"angle": 0, "axis": "y", "origin": [7.75, 15.125, 7.375]},
			"faces": {
				"north": {"uv": [0.5, 0, 0, 2], "texture": "#5"},
				"east": {"uv": [2, 0, 0, 2], "texture": "#5"},
				"south": {"uv": [0.5, 0, 0, 2], "texture": "#5"},
				"west": {"uv": [2, 0, 0, 2], "texture": "#5"},
				"up": {"uv": [0, 0.5, 2, 0], "rotation": 90, "texture": "#5"},
				"down": {"uv": [0, 0.5, 2, 0], "rotation": 270, "texture": "#5"}
			}
		},
		{
			"from": [22.875, 28.2, 7],
			"to": [23.375, 30.2, 9],
			"rotation": {"angle": 0, "axis": "y", "origin": [7.75, 15.125, 7.375]},
			"faces": {
				"north": {"uv": [0.5, 0, 0, 2], "texture": "#5"},
				"east": {"uv": [2, 0, 0, 2], "texture": "#5"},
				"south": {"uv": [0.5, 0, 0, 2], "texture": "#5"},
				"west": {"uv": [2, 0, 0, 2], "texture": "#5"},
				"up": {"uv": [0, 0.5, 2, 0], "rotation": 90, "texture": "#5"},
				"down": {"uv": [0, 0.5, 2, 0], "rotation": 270, "texture": "#5"}
			}
		},
		{
			"from": [21.875, 28.2, 7],
			"to": [22.375, 30.2, 9],
			"rotation": {"angle": 0, "axis": "y", "origin": [7.75, 15.125, 7.375]},
			"faces": {
				"north": {"uv": [0.5, 0, 0, 2], "texture": "#5"},
				"east": {"uv": [2, 0, 0, 2], "texture": "#5"},
				"south": {"uv": [0.5, 0, 0, 2], "texture": "#5"},
				"west": {"uv": [2, 0, 0, 2], "texture": "#5"},
				"up": {"uv": [0, 0.5, 2, 0], "rotation": 90, "texture": "#5"},
				"down": {"uv": [0, 0.5, 2, 0], "rotation": 270, "texture": "#5"}
			}
		},
		{
			"from": [25.125, 10.3, 7],
			"to": [26.125, 12.3, 9],
			"rotation": {"angle": 0, "axis": "y", "origin": [7.75, 15.125, 7.375]},
			"faces": {
				"north": {"uv": [1, 0, 2, 2], "texture": "#2"},
				"east": {"uv": [2, 0, 4, 2], "texture": "#2"},
				"south": {"uv": [1, 0, 2, 2], "texture": "#2"},
				"west": {"uv": [2, 0, 4, 2], "texture": "#2"},
				"up": {"uv": [0, 1, 2, 2], "rotation": 90, "texture": "#2"},
				"down": {"uv": [0, 1, 2, 2], "rotation": 270, "texture": "#2"}
			}
		},
		{
			"from": [21.125, 11, 7.75],
			"to": [25.625, 11.5, 8.25],
			"rotation": {"angle": 0, "axis": "y", "origin": [7.75, 15.125, 7.375]},
			"faces": {
				"north": {"uv": [1, 0, 0, 1], "texture": "#5"},
				"east": {"uv": [5.5, 0, 0, 1], "texture": "#5"},
				"south": {"uv": [1, 0, 0, 1], "texture": "#5"},
				"west": {"uv": [5.5, 0, 0, 1], "texture": "#5"},
				"up": {"uv": [1, 0, 0, 5.5], "rotation": 180, "texture": "#5"},
				"down": {"uv": [1, 0, 0, 5.5], "rotation": 180, "texture": "#5"}
			}
		},
		{
			"from": [21.125, 11, 7.75],
			"to": [25.625, 11.5, 8.25],
			"rotation": {"angle": 0, "axis": "y", "origin": [7.75, 15.125, 7.375]},
			"faces": {
				"north": {"uv": [1, 0, 0, 1], "texture": "#5"},
				"east": {"uv": [5.5, 0, 0, 1], "texture": "#5"},
				"south": {"uv": [1, 0, 0, 1], "texture": "#5"},
				"west": {"uv": [5.5, 0, 0, 1], "texture": "#5"},
				"up": {"uv": [1, 0, 0, 5.5], "rotation": 180, "texture": "#5"},
				"down": {"uv": [1, 0, 0, 5.5], "rotation": 180, "texture": "#5"}
			}
		},
		{
			"from": [22.875, 10.2, 7],
			"to": [23.375, 12.2, 9],
			"rotation": {"angle": 0, "axis": "y", "origin": [7.75, 15.125, 7.375]},
			"faces": {
				"north": {"uv": [0.5, 0, 0, 2], "texture": "#5"},
				"east": {"uv": [2, 0, 0, 2], "texture": "#5"},
				"south": {"uv": [0.5, 0, 0, 2], "texture": "#5"},
				"west": {"uv": [2, 0, 0, 2], "texture": "#5"},
				"up": {"uv": [0, 0.5, 2, 0], "rotation": 90, "texture": "#5"},
				"down": {"uv": [0, 0.5, 2, 0], "rotation": 270, "texture": "#5"}
			}
		},
		{
			"from": [21.875, 10.2, 7],
			"to": [22.375, 12.2, 9],
			"rotation": {"angle": 0, "axis": "y", "origin": [7.75, 15.125, 7.375]},
			"faces": {
				"north": {"uv": [0.5, 0, 0, 2], "texture": "#5"},
				"east": {"uv": [2, 0, 0, 2], "texture": "#5"},
				"south": {"uv": [0.5, 0, 0, 2], "texture": "#5"},
				"west": {"uv": [2, 0, 0, 2], "texture": "#5"},
				"up": {"uv": [0, 0.5, 2, 0], "rotation": 90, "texture": "#5"},
				"down": {"uv": [0, 0.5, 2, 0], "rotation": 270, "texture": "#5"}
			}
		},
		{
			"from": [23.875, 10.2, 7],
			"to": [24.375, 12.2, 9],
			"rotation": {"angle": 0, "axis": "y", "origin": [7.75, 15.125, 7.375]},
			"faces": {
				"north": {"uv": [0.5, 0, 0, 2], "texture": "#5"},
				"east": {"uv": [2, 0, 0, 2], "texture": "#5"},
				"south": {"uv": [0.5, 0, 0, 2], "texture": "#5"},
				"west": {"uv": [2, 0, 0, 2], "texture": "#5"},
				"up": {"uv": [0, 0.5, 2, 0], "rotation": 90, "texture": "#5"},
				"down": {"uv": [0, 0.5, 2, 0], "rotation": 270, "texture": "#5"}
			}
		}
	],
	"groups": [
		{
			"name": "ausleger",
			"origin": [0, 0, 0],
			"color": 0,
			"children": [0, 1, 2, 3, 4, 5, 6, 7, 8, 9, 10, 11, 12, 13, 14, 15, 16, 17, 18, 19, 20, 21, 22, 23, 24, 25, 26, 27, 28, 29, 30, 31, 32, 33, 34, 35, 36, 37, 38, 39]
		}
	]
}