{
	"credit": "Made with Blockbench by Mc_Jeronimo",
	"textures": {
		"2": "opensignals:blocks/tjc/resedagruen",
		"4": "opensignals:blocks/tjc/oberleitung",
		"5": "opensignals:blocks/tjc/graubraun",
		"particle": "opensignals:blocks/tjc/graubraun"
	},
	"elements": [
		{
			"from": [-5.125, 1, 7.75],
			"to": [26.875, 1.5, 8.25],
			"rotation": {"angle": 0, "axis": "y", "origin": [8.25, 15.125, 8.375]},
			"faces": {
				"north": {"uv": [0, 0, 16, 0.5], "texture": "#4"},
				"east": {"uv": [1.5, 0, 2, 0.5], "texture": "#4"},
				"south": {"uv": [0, 0, 16, 0.5], "texture": "#4"},
				"west": {"uv": [1.5, 0, 2, 0.5], "texture": "#4"},
				"up": {"uv": [0, 0, 16, 0.5], "rotation": 180, "texture": "#4"},
				"down": {"uv": [0, 0, 16, 0.5], "rotation": 180, "texture": "#4"}
			}
		},
		{
			"from": [25.875, 1, 7.75],
			"to": [26.375, 11.5, 8.25],
			"rotation": {"angle": 0, "axis": "y", "origin": [8.25, 15.125, 8.375]},
			"faces": {
				"north": {"uv": [1.5, 0, 2, 10.5], "texture": "#4"},
				"east": {"uv": [1.5, 0, 2, 10.5], "texture": "#4"},
				"south": {"uv": [1.5, 0, 2, 10.5], "texture": "#4"},
				"west": {"uv": [1.5, 0, 2, 10.5], "texture": "#4"},
				"up": {"uv": [1.5, 0, 2, 0.5], "rotation": 180, "texture": "#4"},
				"down": {"uv": [1.5, 0, 2, 0.5], "rotation": 180, "texture": "#4"}
			}
		},
		{
			"from": [10.375, 1, 7.75],
			"to": [10.875, 11.5, 8.25],
			"rotation": {"angle": 0, "axis": "y", "origin": [8.25, 15.125, 8.375]},
			"faces": {
				"north": {"uv": [1.5, 0, 2, 10.5], "texture": "#4"},
				"east": {"uv": [1.5, 0, 2, 10.5], "texture": "#4"},
				"south": {"uv": [1.5, 0, 2, 10.5], "texture": "#4"},
				"west": {"uv": [1.5, 0, 2, 10.5], "texture": "#4"},
				"up": {"uv": [1.5, 0, 2, 0.5], "rotation": 180, "texture": "#4"},
				"down": {"uv": [1.5, 0, 2, 0.5], "rotation": 180, "texture": "#4"}
			}
		},
		{
			"from": [-5.125, 11, 7.75],
			"to": [26.875, 11.5, 8.25],
			"rotation": {"angle": 0, "axis": "y", "origin": [8.25, 15.125, 8.375]},
			"faces": {
				"north": {"uv": [0, 0, 16, 0.5], "texture": "#4"},
				"east": {"uv": [1.5, 0, 2, 0.5], "texture": "#4"},
				"south": {"uv": [0, 0, 16, 0.5], "texture": "#4"},
				"west": {"uv": [1.5, 0, 2, 0.5], "texture": "#4"},
				"up": {"uv": [0, 0, 16, 0.5], "rotation": 180, "texture": "#4"},
				"down": {"uv": [0, 0, 16, 0.5], "rotation": 180, "texture": "#4"}
			}
		},
		{
			"from": [6.6696, 18.10996, 7.75],
			"to": [7.6696, 18.60996, 8.25],
			"rotation": {"angle": -22.5, "axis": "z", "origin": [8.25, 15.125, 8.375]},
			"faces": {
				"north": {"uv": [2, 0, 3, 0.5], "texture": "#4"},
				"east": {"uv": [1.5, 0, 2, 0.5], "texture": "#4"},
				"south": {"uv": [2, 0, 3, 0.5], "texture": "#4"},
				"west": {"uv": [1.5, 0, 2, 0.5], "texture": "#4"},
				"up": {"uv": [2, 0, 3, 0.5], "rotation": 180, "texture": "#4"},
				"down": {"uv": [2, 0, 3, 0.5], "rotation": 180, "texture": "#4"}
			}
		},
		{
			"from": [5.6696, 18.30996, 7.75],
			"to": [6.6696, 18.80996, 8.25],
			"rotation": {"angle": -22.5, "axis": "z", "origin": [8.25, 15.125, 8.375]},
			"faces": {
				"north": {"uv": [2, 0, 3, 0.5], "texture": "#4"},
				"east": {"uv": [1.5, 0, 2, 0.5], "texture": "#4"},
				"south": {"uv": [2, 0, 3, 0.5], "texture": "#4"},
				"west": {"uv": [1.5, 0, 2, 0.5], "texture": "#4"},
				"up": {"uv": [2, 0, 3, 0.5], "rotation": 180, "texture": "#4"},
				"down": {"uv": [2, 0, 3, 0.5], "rotation": 180, "texture": "#4"}
			}
		},
		{
			"from": [4.6696, 18.50996, 7.75],
			"to": [5.6696, 19.00996, 8.25],
			"rotation": {"angle": -22.5, "axis": "z", "origin": [8.25, 15.125, 8.375]},
			"faces": {
				"north": {"uv": [2, 0, 3, 0.5], "texture": "#4"},
				"east": {"uv": [1.5, 0, 2, 0.5], "texture": "#4"},
				"south": {"uv": [2, 0, 3, 0.5], "texture": "#4"},
				"west": {"uv": [1.5, 0, 2, 0.5], "texture": "#4"},
				"up": {"uv": [2, 0, 3, 0.5], "rotation": 180, "texture": "#4"},
				"down": {"uv": [2, 0, 3, 0.5], "rotation": 180, "texture": "#4"}
			}
		},
		{
			"from": [3.6696, 18.70996, 7.75],
			"to": [4.6696, 19.20996, 8.25],
			"rotation": {"angle": -22.5, "axis": "z", "origin": [8.25, 15.125, 8.375]},
			"faces": {
				"north": {"uv": [2, 0, 3, 0.5], "texture": "#4"},
				"east": {"uv": [1.5, 0, 2, 0.5], "texture": "#4"},
				"south": {"uv": [2, 0, 3, 0.5], "texture": "#4"},
				"west": {"uv": [1.5, 0, 2, 0.5], "texture": "#4"},
				"up": {"uv": [2, 0, 3, 0.5], "rotation": 180, "texture": "#4"},
				"down": {"uv": [2, 0, 3, 0.5], "rotation": 180, "texture": "#4"}
			}
		},
		{
			"from": [2.6696, 18.90996, 7.75],
			"to": [3.6696, 19.40996, 8.25],
			"rotation": {"angle": -22.5, "axis": "z", "origin": [8.25, 15.125, 8.375]},
			"faces": {
				"north": {"uv": [2, 0, 3, 0.5], "texture": "#4"},
				"east": {"uv": [1.5, 0, 2, 0.5], "texture": "#4"},
				"south": {"uv": [2, 0, 3, 0.5], "texture": "#4"},
				"west": {"uv": [1.5, 0, 2, 0.5], "texture": "#4"},
				"up": {"uv": [2, 0, 3, 0.5], "rotation": 180, "texture": "#4"},
				"down": {"uv": [2, 0, 3, 0.5], "rotation": 180, "texture": "#4"}
			}
		},
		{
			"from": [-11.38173, 15.36879, 7.75],
			"to": [-8.77513, 15.86879, 8.25],
			"rotation": {"angle": -45, "axis": "z", "origin": [8.25, 15.125, 8.375]},
			"faces": {
				"north": {"uv": [5.2132, 0, 7.81981, 0.5], "texture": "#4"},
				"east": {"uv": [1.5, 0, 2, 0.5], "texture": "#4"},
				"south": {"uv": [5.2132, 0, 7.81981, 0.5], "texture": "#4"},
				"west": {"uv": [1.5, 0, 2, 0.5], "texture": "#4"},
				"up": {"uv": [5.2132, 0, 7.81981, 0.5], "rotation": 180, "texture": "#4"},
				"down": {"uv": [5.2132, 0, 7.81981, 0.5], "rotation": 180, "texture": "#4"}
			}
		},
		{
			"from": [-8.77513, 15.56879, 7.75],
			"to": [-6.77513, 16.06879, 8.25],
			"rotation": {"angle": -45, "axis": "z", "origin": [8.25, 15.125, 8.375]},
			"faces": {
				"north": {"uv": [4, 0, 6, 0.5], "texture": "#4"},
				"east": {"uv": [1.5, 0, 2, 0.5], "texture": "#4"},
				"south": {"uv": [4, 0, 6, 0.5], "texture": "#4"},
				"west": {"uv": [1.5, 0, 2, 0.5], "texture": "#4"},
				"up": {"uv": [4, 0, 6, 0.5], "rotation": 180, "texture": "#4"},
				"down": {"uv": [4, 0, 6, 0.5], "rotation": 180, "texture": "#4"}
			}
		},
		{
			"from": [-6.77513, 15.76879, 7.75],
			"to": [-4.77513, 16.26879, 8.25],
			"rotation": {"angle": -45, "axis": "z", "origin": [8.25, 15.125, 8.375]},
			"faces": {
				"north": {"uv": [4, 0, 6, 0.5], "texture": "#4"},
				"east": {"uv": [1.5, 0, 2, 0.5], "texture": "#4"},
				"south": {"uv": [4, 0, 6, 0.5], "texture": "#4"},
				"west": {"uv": [1.5, 0, 2, 0.5], "texture": "#4"},
				"up": {"uv": [4, 0, 6, 0.5], "rotation": 180, "texture": "#4"},
				"down": {"uv": [4, 0, 6, 0.5], "rotation": 180, "texture": "#4"}
			}
		},
		{
			"from": [-4.77513, 15.96879, 7.75],
			"to": [-2.77513, 16.46879, 8.25],
			"rotation": {"angle": -45, "axis": "z", "origin": [8.25, 15.125, 8.375]},
			"faces": {
				"north": {"uv": [4, 0, 6, 0.5], "texture": "#4"},
				"east": {"uv": [1.5, 0, 2, 0.5], "texture": "#4"},
				"south": {"uv": [4, 0, 6, 0.5], "texture": "#4"},
				"west": {"uv": [1.5, 0, 2, 0.5], "texture": "#4"},
				"up": {"uv": [4, 0, 6, 0.5], "rotation": 180, "texture": "#4"},
				"down": {"uv": [4, 0, 6, 0.5], "rotation": 180, "texture": "#4"}
			}
		},
		{
			"from": [-2.77513, 16.16879, 7.75],
			"to": [-0.77513, 16.66879, 8.25],
			"rotation": {"angle": -45, "axis": "z", "origin": [8.25, 15.125, 8.375]},
			"faces": {
				"north": {"uv": [4, 0, 6, 0.5], "texture": "#4"},
				"east": {"uv": [1.5, 0, 2, 0.5], "texture": "#4"},
				"south": {"uv": [4, 0, 6, 0.5], "texture": "#4"},
				"west": {"uv": [1.5, 0, 2, 0.5], "texture": "#4"},
				"up": {"uv": [4, 0, 6, 0.5], "rotation": 180, "texture": "#4"},
				"down": {"uv": [4, 0, 6, 0.5], "rotation": 180, "texture": "#4"}
			}
		},
		{
			"from": [-0.67513, 16.36879, 7.75],
			"to": [0.82487, 16.86879, 8.25],
			"rotation": {"angle": -45, "axis": "z", "origin": [8.25, 15.125, 8.375]},
			"faces": {
				"north": {"uv": [3, 0, 4.5, 0.5], "texture": "#4"},
				"east": {"uv": [1.5, 0, 2, 0.5], "texture": "#4"},
				"south": {"uv": [3, 0, 4.5, 0.5], "texture": "#4"},
				"west": {"uv": [1.5, 0, 2, 0.5], "texture": "#4"},
				"up": {"uv": [3, 0, 4.5, 0.5], "rotation": 180, "texture": "#4"},
				"down": {"uv": [3, 0, 4.5, 0.5], "rotation": 180, "texture": "#4"}
			}
		},
		{
			"from": [1.87591, 19.10691, 7.75],
			"to": [2.97591, 19.60691, 8.25],
			"rotation": {"angle": -22.5, "axis": "z", "origin": [8.25, 15.125, 8.375]},
			"faces": {
				"north": {"uv": [2.2, 0, 3.3, 0.5], "texture": "#4"},
				"east": {"uv": [1.5, 0, 2, 0.5], "texture": "#4"},
				"south": {"uv": [2.2, 0, 3.3, 0.5], "texture": "#4"},
				"west": {"uv": [1.5, 0, 2, 0.5], "texture": "#4"},
				"up": {"uv": [2.2, 0, 3.3, 0.5], "rotation": 180, "texture": "#4"},
				"down": {"uv": [2.2, 0, 3.3, 0.5], "rotation": 180, "texture": "#4"}
			}
		},
		{
			"from": [22.76573, 11.7, 7.75],
			"to": [23.46573, 12.2, 8.25],
			"rotation": {"angle": 0, "axis": "y", "origin": [8.25, 15.125, 8.375]},
			"faces": {
				"north": {"uv": [1.4, 0, 2.1, 0.5], "texture": "#4"},
				"east": {"uv": [1.5, 0, 2, 0.5], "texture": "#4"},
				"south": {"uv": [1.4, 0, 2.1, 0.5], "texture": "#4"},
				"west": {"uv": [1.5, 0, 2, 0.5], "texture": "#4"},
				"up": {"uv": [1.4, 0, 2.1, 0.5], "rotation": 180, "texture": "#4"},
				"down": {"uv": [1.4, 0, 2.1, 0.5], "rotation": 180, "texture": "#4"}
			}
		},
		{
			"from": [23.46573, 11.6, 7.75],
			"to": [24.46573, 12.1, 8.25],
			"rotation": {"angle": 0, "axis": "y", "origin": [8.25, 15.125, 8.375]},
			"faces": {
				"north": {"uv": [2, 0, 3, 0.5], "texture": "#4"},
				"east": {"uv": [1.5, 0, 2, 0.5], "texture": "#4"},
				"south": {"uv": [2, 0, 3, 0.5], "texture": "#4"},
				"west": {"uv": [1.5, 0, 2, 0.5], "texture": "#4"},
				"up": {"uv": [2, 0, 3, 0.5], "rotation": 180, "texture": "#4"},
				"down": {"uv": [2, 0, 3, 0.5], "rotation": 180, "texture": "#4"}
			}
		},
		{
			"from": [24.46573, 11.4, 7.75],
			"to": [25.46573, 11.9, 8.25],
			"rotation": {"angle": 0, "axis": "y", "origin": [8.25, 15.125, 8.375]},
			"faces": {
				"north": {"uv": [2, 0, 3, 0.5], "texture": "#4"},
				"east": {"uv": [1.5, 0, 2, 0.5], "texture": "#4"},
				"south": {"uv": [2, 0, 3, 0.5], "texture": "#4"},
				"west": {"uv": [1.5, 0, 2, 0.5], "texture": "#4"},
				"up": {"uv": [2, 0, 3, 0.5], "rotation": 180, "texture": "#4"},
				"down": {"uv": [2, 0, 3, 0.5], "rotation": 180, "texture": "#4"}
			}
		},
		{
			"from": [25.46573, 11.2, 7.75],
			"to": [26.46573, 11.7, 8.25],
			"rotation": {"angle": 0, "axis": "y", "origin": [8.25, 15.125, 8.375]},
			"faces": {
				"north": {"uv": [2, 0, 3, 0.5], "texture": "#4"},
				"east": {"uv": [1.5, 0, 2, 0.5], "texture": "#4"},
				"south": {"uv": [2, 0, 3, 0.5], "texture": "#4"},
				"west": {"uv": [1.5, 0, 2, 0.5], "texture": "#4"},
				"up": {"uv": [2, 0, 3, 0.5], "rotation": 180, "texture": "#4"},
				"down": {"uv": [2, 0, 3, 0.5], "rotation": 180, "texture": "#4"}
			}
		},
		{
			"from": [21.4696, 17.50996, 7.75],
			"to": [22.9696, 18.00996, 8.25],
			"rotation": {"angle": -22.5, "axis": "z", "origin": [8.25, 15.125, 8.375]},
			"faces": {
				"north": {"uv": [3, 0, 4.5, 0.5], "texture": "#4"},
				"east": {"uv": [1.5, 0, 2, 0.5], "texture": "#4"},
				"south": {"uv": [3, 0, 4.5, 0.5], "texture": "#4"},
				"west": {"uv": [1.5, 0, 2, 0.5], "texture": "#4"},
				"up": {"uv": [3, 0, 4.5, 0.5], "rotation": 180, "texture": "#4"},
				"down": {"uv": [3, 0, 4.5, 0.5], "rotation": 180, "texture": "#4"}
			}
		},
		{
			"from": [13.65136, 17.61616, 7.75],
			"to": [21.45136, 18.11616, 8.25],
			"rotation": {"angle": -22.5, "axis": "z", "origin": [8.25, 15.125, 8.375]},
			"faces": {
				"north": {"uv": [8.2, 0, 16, 0.5], "texture": "#4"},
				"east": {"uv": [1.5, 0, 2, 0.5], "texture": "#4"},
				"south": {"uv": [8.2, 0, 16, 0.5], "texture": "#4"},
				"west": {"uv": [1.5, 0, 2, 0.5], "texture": "#4"},
				"up": {"uv": [8.2, 0, 16, 0.5], "rotation": 180, "texture": "#4"},
				"down": {"uv": [8.2, 0, 16, 0.5], "rotation": 180, "texture": "#4"}
			}
		},
		{
			"from": [9.65136, 17.81616, 7.75],
			"to": [13.65136, 18.31616, 8.25],
			"rotation": {"angle": -22.5, "axis": "z", "origin": [8.25, 15.125, 8.375]},
			"faces": {
				"north": {"uv": [8, 0, 12, 0.5], "texture": "#4"},
				"east": {"uv": [1.5, 0, 2, 0.5], "texture": "#4"},
				"south": {"uv": [8, 0, 12, 0.5], "texture": "#4"},
				"west": {"uv": [1.5, 0, 2, 0.5], "texture": "#4"},
				"up": {"uv": [8, 0, 12, 0.5], "rotation": 180, "texture": "#4"},
				"down": {"uv": [8, 0, 12, 0.5], "rotation": 180, "texture": "#4"}
			}
		},
		{
			"from": [7.65136, 17.91616, 7.75],
			"to": [9.65136, 18.41616, 8.25],
			"rotation": {"angle": -22.5, "axis": "z", "origin": [8.25, 15.125, 8.375]},
			"faces": {
				"north": {"uv": [4, 0, 6, 0.5], "texture": "#4"},
				"east": {"uv": [1.5, 0, 2, 0.5], "texture": "#4"},
				"south": {"uv": [4, 0, 6, 0.5], "texture": "#4"},
				"west": {"uv": [1.5, 0, 2, 0.5], "texture": "#4"},
				"up": {"uv": [4, 0, 6, 0.5], "rotation": 180, "texture": "#4"},
				"down": {"uv": [4, 0, 6, 0.5], "rotation": 180, "texture": "#4"}
			}
		},
		{
			"from": [-8.375, 0.2, 7],
			"to": [-7.875, 2.2, 9],
			"rotation": {"angle": 0, "axis": "y", "origin": [8.25, 15.125, 8.375]},
			"faces": {
				"north": {"uv": [0, 0, 0.5, 2], "texture": "#5"},
				"east": {"uv": [0, 0, 2, 2], "texture": "#5"},
				"south": {"uv": [0, 0, 0.5, 2], "texture": "#5"},
				"west": {"uv": [0, 0, 2, 2], "texture": "#5"},
				"up": {"uv": [0, 0, 2, 0.5], "rotation": 90, "texture": "#5"},
				"down": {"uv": [0, 0, 2, 0.5], "rotation": 270, "texture": "#5"}
			}
		},
		{
			"from": [-7.375, 0.2, 7],
			"to": [-6.875, 2.2, 9],
			"rotation": {"angle": 0, "axis": "y", "origin": [8.25, 15.125, 8.375]},
			"faces": {
				"north": {"uv": [0, 0, 0.5, 2], "texture": "#5"},
				"east": {"uv": [0, 0, 2, 2], "texture": "#5"},
				"south": {"uv": [0, 0, 0.5, 2], "texture": "#5"},
				"west": {"uv": [0, 0, 2, 2], "texture": "#5"},
				"up": {"uv": [0, 0, 2, 0.5], "rotation": 90, "texture": "#5"},
				"down": {"uv": [0, 0, 2, 0.5], "rotation": 270, "texture": "#5"}
			}
		},
		{
			"from": [-6.375, 0.2, 7],
			"to": [-5.875, 2.2, 9],
			"rotation": {"angle": 0, "axis": "y", "origin": [8.25, 15.125, 8.375]},
			"faces": {
				"north": {"uv": [0, 0, 0.5, 2], "texture": "#5"},
				"east": {"uv": [0, 0, 2, 2], "texture": "#5"},
				"south": {"uv": [0, 0, 0.5, 2], "texture": "#5"},
				"west": {"uv": [0, 0, 2, 2], "texture": "#5"},
				"up": {"uv": [0, 0, 2, 0.5], "rotation": 90, "texture": "#5"},
				"down": {"uv": [0, 0, 2, 0.5], "rotation": 270, "texture": "#5"}
			}
		},
		{
			"from": [-9.625, 1, 7.75],
			"to": [-5.125, 1.5, 8.25],
			"rotation": {"angle": 0, "axis": "y", "origin": [8.25, 15.125, 8.375]},
			"faces": {
				"north": {"uv": [0, 0, 1, 1], "texture": "#5"},
				"east": {"uv": [0, 0, 5.5, 1], "texture": "#5"},
				"south": {"uv": [0, 0, 1, 1], "texture": "#5"},
				"west": {"uv": [0, 0, 5.5, 1], "texture": "#5"},
				"up": {"uv": [0, 0, 1, 5.5], "rotation": 180, "texture": "#5"},
				"down": {"uv": [0, 0, 1, 5.5], "rotation": 180, "texture": "#5"}
			}
		},
		{
			"from": [-10.125, 0.5, 7],
			"to": [-9.125, 2.5, 9],
			"rotation": {"angle": 0, "axis": "y", "origin": [8.25, 15.125, 8.375]},
			"faces": {
				"north": {"uv": [2, 0, 3, 2], "texture": "#2"},
				"east": {"uv": [4, 0, 6, 2], "texture": "#2"},
				"south": {"uv": [2, 0, 3, 2], "texture": "#2"},
				"west": {"uv": [4, 0, 6, 2], "texture": "#2"},
				"up": {"uv": [0, 2, 2, 3], "rotation": 90, "texture": "#2"},
				"down": {"uv": [0, 2, 2, 3], "rotation": 270, "texture": "#2"}
			}
		},
		{
			"from": [-10.125, 28.5, 7],
			"to": [-9.125, 30.5, 9],
			"rotation": {"angle": 0, "axis": "y", "origin": [8.25, 15.125, 8.375]},
			"faces": {
				"north": {"uv": [2, 0, 3, 2], "texture": "#2"},
				"east": {"uv": [4, 0, 6, 2], "texture": "#2"},
				"south": {"uv": [2, 0, 3, 2], "texture": "#2"},
				"west": {"uv": [4, 0, 6, 2], "texture": "#2"},
				"up": {"uv": [0, 2, 2, 3], "rotation": 90, "texture": "#2"},
				"down": {"uv": [0, 2, 2, 3], "rotation": 270, "texture": "#2"}
			}
		},
		{
			"from": [-9.625, 29, 7.75],
			"to": [-5.125, 29.5, 8.25],
			"rotation": {"angle": 0, "axis": "y", "origin": [8.25, 15.125, 8.375]},
			"faces": {
				"north": {"uv": [0, 0, 1, 1], "texture": "#5"},
				"east": {"uv": [0, 0, 5.5, 1], "texture": "#5"},
				"south": {"uv": [0, 0, 1, 1], "texture": "#5"},
				"west": {"uv": [0, 0, 5.5, 1], "texture": "#5"},
				"up": {"uv": [0, 0, 1, 5.5], "rotation": 180, "texture": "#5"},
				"down": {"uv": [0, 0, 1, 5.5], "rotation": 180, "texture": "#5"}
			}
		},
		{
			"from": [-8.375, 28.2, 7],
			"to": [-7.875, 30.2, 9],
			"rotation": {"angle": 0, "axis": "y", "origin": [8.25, 15.125, 8.375]},
			"faces": {
				"north": {"uv": [0, 0, 0.5, 2], "texture": "#5"},
				"east": {"uv": [0, 0, 2, 2], "texture": "#5"},
				"south": {"uv": [0, 0, 0.5, 2], "texture": "#5"},
				"west": {"uv": [0, 0, 2, 2], "texture": "#5"},
				"up": {"uv": [0, 0, 2, 0.5], "rotation": 90, "texture": "#5"},
				"down": {"uv": [0, 0, 2, 0.5], "rotation": 270, "texture": "#5"}
			}
		},
		{
			"from": [-7.375, 28.2, 7],
			"to": [-6.875, 30.2, 9],
			"rotation": {"angle": 0, "axis": "y", "origin": [8.25, 15.125, 8.375]},
			"faces": {
				"north": {"uv": [0, 0, 0.5, 2], "texture": "#5"},
				"east": {"uv": [0, 0, 2, 2], "texture": "#5"},
				"south": {"uv": [0, 0, 0.5, 2], "texture": "#5"},
				"west": {"uv": [0, 0, 2, 2], "texture": "#5"},
				"up": {"uv": [0, 0, 2, 0.5], "rotation": 90, "texture": "#5"},
				"down": {"uv": [0, 0, 2, 0.5], "rotation": 270, "texture": "#5"}
			}
		},
		{
			"from": [-6.375, 28.2, 7],
			"to": [-5.875, 30.2, 9],
			"rotation": {"angle": 0, "axis": "y", "origin": [8.25, 15.125, 8.375]},
			"faces": {
				"north": {"uv": [0, 0, 0.5, 2], "texture": "#5"},
				"east": {"uv": [0, 0, 2, 2], "texture": "#5"},
				"south": {"uv": [0, 0, 0.5, 2], "texture": "#5"},
				"west": {"uv": [0, 0, 2, 2], "texture": "#5"},
				"up": {"uv": [0, 0, 2, 0.5], "rotation": 90, "texture": "#5"},
				"down": {"uv": [0, 0, 2, 0.5], "rotation": 270, "texture": "#5"}
			}
		},
		{
			"from": [-10.125, 10.5, 7],
			"to": [-9.125, 12.5, 9],
			"rotation": {"angle": 0, "axis": "y", "origin": [8.25, 15.125, 8.375]},
			"faces": {
				"north": {"uv": [2, 0, 3, 2], "texture": "#2"},
				"east": {"uv": [4, 0, 6, 2], "texture": "#2"},
				"south": {"uv": [2, 0, 3, 2], "texture": "#2"},
				"west": {"uv": [4, 0, 6, 2], "texture": "#2"},
				"up": {"uv": [0, 2, 2, 3], "rotation": 90, "texture": "#2"},
				"down": {"uv": [0, 2, 2, 3], "rotation": 270, "texture": "#2"}
			}
		},
		{
			"from": [-9.625, 11, 7.75],
			"to": [-5.125, 11.5, 8.25],
			"rotation": {"angle": 0, "axis": "y", "origin": [8.25, 15.125, 8.375]},
			"faces": {
				"north": {"uv": [0, 0, 1, 1], "texture": "#5"},
				"east": {"uv": [0, 0, 5.5, 1], "texture": "#5"},
				"south": {"uv": [0, 0, 1, 1], "texture": "#5"},
				"west": {"uv": [0, 0, 5.5, 1], "texture": "#5"},
				"up": {"uv": [0, 0, 1, 5.5], "rotation": 180, "texture": "#5"},
				"down": {"uv": [0, 0, 1, 5.5], "rotation": 180, "texture": "#5"}
			}
		},
		{
			"from": [-9.625, 11, 7.75],
			"to": [-5.125, 11.5, 8.25],
			"rotation": {"angle": 0, "axis": "y", "origin": [8.25, 15.125, 8.375]},
			"faces": {
				"north": {"uv": [0, 0, 1, 1], "texture": "#5"},
				"east": {"uv": [0, 0, 5.5, 1], "texture": "#5"},
				"south": {"uv": [0, 0, 1, 1], "texture": "#5"},
				"west": {"uv": [0, 0, 5.5, 1], "texture": "#5"},
				"up": {"uv": [0, 0, 1, 5.5], "rotation": 180, "texture": "#5"},
				"down": {"uv": [0, 0, 1, 5.5], "rotation": 180, "texture": "#5"}
			}
		},
		{
			"from": [-7.375, 10.2, 7],
			"to": [-6.875, 12.2, 9],
			"rotation": {"angle": 0, "axis": "y", "origin": [8.25, 15.125, 8.375]},
			"faces": {
				"north": {"uv": [0, 0, 0.5, 2], "texture": "#5"},
				"east": {"uv": [0, 0, 2, 2], "texture": "#5"},
				"south": {"uv": [0, 0, 0.5, 2], "texture": "#5"},
				"west": {"uv": [0, 0, 2, 2], "texture": "#5"},
				"up": {"uv": [0, 0, 2, 0.5], "rotation": 90, "texture": "#5"},
				"down": {"uv": [0, 0, 2, 0.5], "rotation": 270, "texture": "#5"}
			}
		},
		{
			"from": [-6.375, 10.2, 7],
			"to": [-5.875, 12.2, 9],
			"rotation": {"angle": 0, "axis": "y", "origin": [8.25, 15.125, 8.375]},
			"faces": {
				"north": {"uv": [0, 0, 0.5, 2], "texture": "#5"},
				"east": {"uv": [0, 0, 2, 2], "texture": "#5"},
				"south": {"uv": [0, 0, 0.5, 2], "texture": "#5"},
				"west": {"uv": [0, 0, 2, 2], "texture": "#5"},
				"up": {"uv": [0, 0, 2, 0.5], "rotation": 90, "texture": "#5"},
				"down": {"uv": [0, 0, 2, 0.5], "rotation": 270, "texture": "#5"}
			}
		},
		{
			"from": [-8.375, 10.2, 7],
			"to": [-7.875, 12.2, 9],
			"rotation": {"angle": 0, "axis": "y", "origin": [8.25, 15.125, 8.375]},
			"faces": {
				"north": {"uv": [0, 0, 0.5, 2], "texture": "#5"},
				"east": {"uv": [0, 0, 2, 2], "texture": "#5"},
				"south": {"uv": [0, 0, 0.5, 2], "texture": "#5"},
				"west": {"uv": [0, 0, 2, 2], "texture": "#5"},
				"up": {"uv": [0, 0, 2, 0.5], "rotation": 90, "texture": "#5"},
				"down": {"uv": [0, 0, 2, 0.5], "rotation": 270, "texture": "#5"}
			}
		}
	],
	"groups": [
		{
			"name": "ausleger",
			"origin": [0, 0, 0],
			"color": 0,
			"children": [0, 1, 2, 3, 4, 5, 6, 7, 8, 9, 10, 11, 12, 13, 14, 15, 16, 17, 18, 19, 20, 21, 22, 23, 24, 25, 26, 27, 28, 29, 30, 31, 32, 33, 34, 35, 36, 37, 38, 39]
		}
	]
}