{
	"credit": "Made with Blockbench by Mc_Jeronimo",
	"textures": {
		"5": "opensignals:blocks/tjc/oberleitung",
		"particle": "opensignals:blocks/tjc/oberleitung"
	},
	"elements": [
		{
			"from": [7.75, 1, 0],
			"to": [8.25, 1.5, 16],
			"rotation": {"angle": 0, "axis": "y", "origin": [8, 6.25, 8]},
			"faces": {
				"north": {"uv": [0, 0, 0.5, 0.5], "texture": "#5"},
				"east": {"uv": [0, 0, 16, 0.5], "texture": "#5"},
				"south": {"uv": [0, 0, 0.5, 0.5], "texture": "#5"},
				"west": {"uv": [0, 0, 16, 0.5], "texture": "#5"},
				"up": {"uv": [0, 0, 16, 0.5], "rotation": 270, "texture": "#5"},
				"down": {"uv": [0, 0, 16, 0.5], "rotation": 90, "texture": "#5"}
			}
		},
		{
			"from": [7.75, 1, 7.75],
			"to": [8.25, 11.5, 8.25],
			"rotation": {"angle": 0, "axis": "y", "origin": [8, 6.25, 8]},
			"faces": {
				"north": {"uv": [0, 0, 0.5, 10.5], "texture": "#5"},
				"east": {"uv": [0, 0, 0.5, 10.5], "texture": "#5"},
				"south": {"uv": [0, 0, 0.5, 10.5], "texture": "#5"},
				"west": {"uv": [0, 0, 0.5, 10.5], "texture": "#5"},
				"up": {"uv": [0, 0, 0.5, 0.5], "rotation": 270, "texture": "#5"},
				"down": {"uv": [0, 0, 0.5, 0.5], "rotation": 90, "texture": "#5"}
			}
		},
		{
			"from": [7.75, 11, 0],
			"to": [8.25, 11.5, 16],
			"rotation": {"angle": 0, "axis": "y", "origin": [8, 6.25, 8]},
			"faces": {
				"north": {"uv": [0, 0, 0.5, 0.5], "texture": "#5"},
				"east": {"uv": [0, 0, 16, 0.5], "texture": "#5"},
				"south": {"uv": [0, 0, 0.5, 0.5], "texture": "#5"},
				"west": {"uv": [0, 0, 16, 0.5], "texture": "#5"},
				"up": {"uv": [0, 0, 16, 0.5], "rotation": 270, "texture": "#5"},
				"down": {"uv": [0, 0, 16, 0.5], "rotation": 90, "texture": "#5"}
			}
		}
	],
	"groups": [
		{
			"name": "ausleger",
			"origin": [0, 0, 0],
			"color": 0,
			"children": [0, 1, 2]
		}
	]
}