{
	"credit": "Made with Blockbench by Mc_Jeronimo",
	"textures": {
		"0": "opensignals:blocks/tjc/graubraun",
		"1": "opensignals:blocks/tjc/telegrau",
		"particle": "opensignals:blocks/tjc/graubraun"
	},
	"elements": [
		{
			"from": [8.99562, 16.5, 6.99121],
			"to": [9.49562, 18.5, 8.99121],
			"rotation": {"angle": 0, "axis": "y", "origin": [7.525, 8.975, 7.99561]},
			"faces": {
				"north": {"uv": [0, 0, 0.5, 2], "texture": "#0"},
				"east": {"uv": [0, 0, 2, 2], "texture": "#0"},
				"south": {"uv": [0, 0, 0.5, 2], "texture": "#0"},
				"west": {"uv": [0, 0, 2, 2], "texture": "#0"},
				"up": {"uv": [0, 0, 2, 0.5], "rotation": 270, "texture": "#0"},
				"down": {"uv": [0, 0, 2, 0.5], "rotation": 90, "texture": "#0"}
			}
		},
		{
			"from": [5.55, 17, 7.49121],
			"to": [11.05, 18, 8.49121],
			"rotation": {"angle": 0, "axis": "y", "origin": [7.525, 8.975, 7.99561]},
			"faces": {
				"north": {"uv": [0, 0, 5.5, 1], "texture": "#0"},
				"east": {"uv": [0, 0, 1, 1], "texture": "#0"},
				"south": {"uv": [0, 0, 5.5, 1], "texture": "#0"},
				"west": {"uv": [0, 0, 1, 1], "texture": "#0"},
				"up": {"uv": [0, 0, 1, 5.5], "rotation": 270, "texture": "#0"},
				"down": {"uv": [0, 0, 1, 5.5], "rotation": 90, "texture": "#0"}
			}
		},
		{
			"from": [4.05, 17, 7.49121],
			"to": [5.55, 18, 8.49121],
			"rotation": {"angle": 0, "axis": "y", "origin": [7.525, 8.975, 7.99561]},
			"faces": {
				"north": {"uv": [0, 0, 1.5, 1], "texture": "#1"},
				"east": {"uv": [0, 0, 1, 1], "texture": "#1"},
				"south": {"uv": [0, 0, 1.5, 1], "texture": "#1"},
				"west": {"uv": [0, 0, 1, 1], "texture": "#1"},
				"up": {"uv": [0, 0, 1, 1.5], "rotation": 270, "texture": "#1"},
				"down": {"uv": [0, 0, 1, 1.5], "rotation": 90, "texture": "#1"}
			}
		},
		{
			"from": [9.45, -1.05, 7.49121],
			"to": [11.05, -0.05, 8.49121],
			"rotation": {"angle": 0, "axis": "y", "origin": [7.525, 8.975, 7.99561]},
			"faces": {
				"north": {"uv": [0, 0, 1.6, 1], "texture": "#0"},
				"east": {"uv": [0, 0, 1, 1], "texture": "#0"},
				"south": {"uv": [0, 0, 1.6, 1], "texture": "#0"},
				"west": {"uv": [0, 0, 1, 1], "texture": "#0"},
				"up": {"uv": [0, 0, 1, 1.6], "rotation": 270, "texture": "#0"},
				"down": {"uv": [0, 0, 1, 1.6], "rotation": 90, "texture": "#0"}
			}
		},
		{
			"from": [7.04069, 0.45537, 7.5],
			"to": [13.14069, 1.45537, 8.5],
			"rotation": {"angle": -22.5, "axis": "z", "origin": [7.525, 8.975, 7.99561]},
			"faces": {
				"north": {"uv": [0, 0, 6.1, 1], "texture": "#0"},
				"east": {"uv": [0, 0, 1, 1], "texture": "#0"},
				"south": {"uv": [0, 0, 6.1, 1], "texture": "#0"},
				"west": {"uv": [0, 0, 1, 1], "texture": "#0"},
				"up": {"uv": [0, 0, 1, 6.1], "rotation": 270, "texture": "#0"},
				"down": {"uv": [0, 0, 1, 6.1], "rotation": 90, "texture": "#0"}
			}
		},
		{
			"from": [11.14069, -0.04463, 7],
			"to": [11.64069, 1.95537, 9],
			"rotation": {"angle": -22.5, "axis": "z", "origin": [7.525, 8.975, 7.99561]},
			"faces": {
				"north": {"uv": [0, 0, 0.5, 2], "texture": "#0"},
				"east": {"uv": [0, 0, 2, 2], "texture": "#0"},
				"south": {"uv": [0, 0, 0.5, 2], "texture": "#0"},
				"west": {"uv": [0, 0, 2, 2], "texture": "#0"},
				"up": {"uv": [0, 0, 2, 0.5], "rotation": 270, "texture": "#0"},
				"down": {"uv": [0, 0, 2, 0.5], "rotation": 90, "texture": "#0"}
			}
		},
		{
			"from": [10.14069, -0.04463, 7],
			"to": [10.64069, 1.95537, 9],
			"rotation": {"angle": -22.5, "axis": "z", "origin": [7.525, 8.975, 7.99561]},
			"faces": {
				"north": {"uv": [0, 0, 0.5, 2], "texture": "#0"},
				"east": {"uv": [0, 0, 2, 2], "texture": "#0"},
				"south": {"uv": [0, 0, 0.5, 2], "texture": "#0"},
				"west": {"uv": [0, 0, 2, 2], "texture": "#0"},
				"up": {"uv": [0, 0, 2, 0.5], "rotation": 270, "texture": "#0"},
				"down": {"uv": [0, 0, 2, 0.5], "rotation": 90, "texture": "#0"}
			}
		},
		{
			"from": [9.14069, -0.04463, 7],
			"to": [9.64069, 1.95537, 9],
			"rotation": {"angle": -22.5, "axis": "z", "origin": [7.525, 8.975, 7.99561]},
			"faces": {
				"north": {"uv": [0, 0, 0.5, 2], "texture": "#0"},
				"east": {"uv": [0, 0, 2, 2], "texture": "#0"},
				"south": {"uv": [0, 0, 0.5, 2], "texture": "#0"},
				"west": {"uv": [0, 0, 2, 2], "texture": "#0"},
				"up": {"uv": [0, 0, 2, 0.5], "rotation": 270, "texture": "#0"},
				"down": {"uv": [0, 0, 2, 0.5], "rotation": 90, "texture": "#0"}
			}
		},
		{
			"from": [8.14069, -0.04463, 7],
			"to": [8.64069, 1.95537, 9],
			"rotation": {"angle": -22.5, "axis": "z", "origin": [7.525, 8.975, 7.99561]},
			"faces": {
				"north": {"uv": [0, 0, 0.5, 2], "texture": "#0"},
				"east": {"uv": [0, 0, 2, 2], "texture": "#0"},
				"south": {"uv": [0, 0, 0.5, 2], "texture": "#0"},
				"west": {"uv": [0, 0, 2, 2], "texture": "#0"},
				"up": {"uv": [0, 0, 2, 0.5], "rotation": 270, "texture": "#0"},
				"down": {"uv": [0, 0, 2, 0.5], "rotation": 90, "texture": "#0"}
			}
		},
		{
			"from": [5.99562, 16.5, 6.99121],
			"to": [6.49562, 18.5, 8.99121],
			"rotation": {"angle": 0, "axis": "y", "origin": [7.525, 8.975, 7.99561]},
			"faces": {
				"north": {"uv": [0, 0, 0.5, 2], "texture": "#0"},
				"east": {"uv": [0, 0, 2, 2], "texture": "#0"},
				"south": {"uv": [0, 0, 0.5, 2], "texture": "#0"},
				"west": {"uv": [0, 0, 2, 2], "texture": "#0"},
				"up": {"uv": [0, 0, 2, 0.5], "rotation": 270, "texture": "#0"},
				"down": {"uv": [0, 0, 2, 0.5], "rotation": 90, "texture": "#0"}
			}
		},
		{
			"from": [6.99562, 16.5, 6.99121],
			"to": [7.49562, 18.5, 8.99121],
			"rotation": {"angle": 0, "axis": "y", "origin": [7.525, 8.975, 7.99561]},
			"faces": {
				"north": {"uv": [0, 0, 0.5, 2], "texture": "#0"},
				"east": {"uv": [0, 0, 2, 2], "texture": "#0"},
				"south": {"uv": [0, 0, 0.5, 2], "texture": "#0"},
				"west": {"uv": [0, 0, 2, 2], "texture": "#0"},
				"up": {"uv": [0, 0, 2, 0.5], "rotation": 270, "texture": "#0"},
				"down": {"uv": [0, 0, 2, 0.5], "rotation": 90, "texture": "#0"}
			}
		},
		{
			"from": [7.99562, 16.5, 6.99121],
			"to": [8.49562, 18.5, 8.99121],
			"rotation": {"angle": 0, "axis": "y", "origin": [7.525, 8.975, 7.99561]},
			"faces": {
				"north": {"uv": [0, 0, 0.5, 2], "texture": "#0"},
				"east": {"uv": [0, 0, 2, 2], "texture": "#0"},
				"south": {"uv": [0, 0, 0.5, 2], "texture": "#0"},
				"west": {"uv": [0, 0, 2, 2], "texture": "#0"},
				"up": {"uv": [0, 0, 2, 0.5], "rotation": 270, "texture": "#0"},
				"down": {"uv": [0, 0, 2, 0.5], "rotation": 90, "texture": "#0"}
			}
		}
	],
	"groups": [
		{
			"name": "isolator",
			"origin": [22.30438, -3.28805, 7.99121],
			"color": 0,
			"children": [0, 1, 2, 3, 4, 5, 6, 7, 8, 9, 10, 11]
		}
	]
}