{
	"credit": "Made with Blockbench by Mc_Jeronimo",
	"textures": {
		"0": "opensignals:blocks/tjc/betongrau",
		"2": "opensignals:blocks/tjc/resedagruen",
		"particle": "opensignals:blocks/tjc/betongrau"
	},
	"elements": [
		{
			"from": [11, -8, 11],
			"to": [13, -7, 13],
			"rotation": {"angle": 0, "axis": "y", "origin": [0, -16, -2]},
			"faces": {
				"north": {"uv": [0, 0, 2, 1], "texture": "#2"},
				"east": {"uv": [0, 0, 2, 1], "texture": "#2"},
				"south": {"uv": [0, 0, 2, 1], "texture": "#2"},
				"west": {"uv": [0, 0, 2, 1], "texture": "#2"},
				"up": {"uv": [0, 0, 2, 2], "texture": "#2"},
				"down": {"uv": [0, 0, 2, 2], "texture": "#2"}
			}
		},
		{
			"from": [3, -16, 3],
			"to": [13, -8, 13],
			"rotation": {"angle": 0, "axis": "y", "origin": [0, -16, 0]},
			"faces": {
				"north": {"uv": [0, 0, 10, 8], "texture": "#0"},
				"east": {"uv": [0, 0, 10, 8], "texture": "#0"},
				"south": {"uv": [0, 0, 10, 8], "texture": "#0"},
				"west": {"uv": [0, 0, 10, 8], "texture": "#0"},
				"up": {"uv": [0, 0, 10, 10], "texture": "#0"},
				"down": {"uv": [0, 0, 10, 10], "texture": "#0"}
			}
		},
		{
			"from": [5, -8, 10],
			"to": [6, 32, 11],
			"rotation": {"angle": 0, "axis": "y", "origin": [9.5, -4, 8]},
			"faces": {
				"north": {"uv": [0, 0, 1, 16], "texture": "#2"},
				"east": {"uv": [0, 0, 1, 16], "texture": "#2"},
				"south": {"uv": [0, 0, 1, 16], "texture": "#2"},
				"west": {"uv": [0, 0, 1, 16], "texture": "#2"},
				"up": {"uv": [0, 0, 1, 1], "texture": "#2"},
				"down": {"uv": [0, 0, 1, 1], "texture": "#2"}
			}
		},
		{
			"from": [10, -8, 10],
			"to": [11, 32, 11],
			"rotation": {"angle": 0, "axis": "y", "origin": [9.5, -4, 8]},
			"faces": {
				"north": {"uv": [0, 0, 1, 16], "texture": "#2"},
				"east": {"uv": [0, 0, 1, 16], "texture": "#2"},
				"south": {"uv": [0, 0, 1, 16], "texture": "#2"},
				"west": {"uv": [0, 0, 1, 16], "texture": "#2"},
				"up": {"uv": [0, 0, 1, 1], "texture": "#2"},
				"down": {"uv": [0, 0, 1, 1], "texture": "#2"}
			}
		},
		{
			"from": [10, -8, 5],
			"to": [11, 32, 6],
			"rotation": {"angle": 0, "axis": "y", "origin": [9.5, -4, 8]},
			"faces": {
				"north": {"uv": [0, 0, 1, 16], "texture": "#2"},
				"east": {"uv": [0, 0, 1, 16], "texture": "#2"},
				"south": {"uv": [0, 0, 1, 16], "texture": "#2"},
				"west": {"uv": [0, 0, 1, 16], "texture": "#2"},
				"up": {"uv": [0, 0, 1, 1], "texture": "#2"},
				"down": {"uv": [0, 0, 1, 1], "texture": "#2"}
			}
		},
		{
			"from": [5, -8, 5],
			"to": [6, 32, 6],
			"rotation": {"angle": 0, "axis": "y", "origin": [9.5, -4, 8]},
			"faces": {
				"north": {"uv": [0, 0, 1, 16], "texture": "#2"},
				"east": {"uv": [0, 0, 1, 16], "texture": "#2"},
				"south": {"uv": [0, 0, 1, 16], "texture": "#2"},
				"west": {"uv": [0, 0, 1, 16], "texture": "#2"},
				"up": {"uv": [0, 0, 1, 1], "texture": "#2"},
				"down": {"uv": [0, 0, 1, 1], "texture": "#2"}
			}
		},
		{
			"from": [4, -7, 4],
			"to": [5, -5, 5],
			"rotation": {"angle": 0, "axis": "y", "origin": [0, -16, 0]},
			"faces": {
				"north": {"uv": [0, 0, 1, 2], "texture": "#2"},
				"east": {"uv": [0, 0, 1, 2], "texture": "#2"},
				"south": {"uv": [0, 0, 1, 2], "texture": "#2"},
				"west": {"uv": [0, 0, 1, 2], "texture": "#2"},
				"up": {"uv": [0, 0, 1, 1], "texture": "#2"},
				"down": {"uv": [0, 0, 1, 1], "texture": "#2"}
			}
		},
		{
			"from": [3, -8, 3],
			"to": [5, -7, 5],
			"rotation": {"angle": 0, "axis": "y", "origin": [0, -16, 0]},
			"faces": {
				"north": {"uv": [0, 0, 2, 1], "texture": "#2"},
				"east": {"uv": [0, 0, 2, 1], "texture": "#2"},
				"south": {"uv": [0, 0, 2, 1], "texture": "#2"},
				"west": {"uv": [0, 0, 2, 1], "texture": "#2"},
				"up": {"uv": [0, 0, 2, 2], "texture": "#2"},
				"down": {"uv": [0, 0, 2, 2], "texture": "#2"}
			}
		},
		{
			"from": [4, -7, 11],
			"to": [5, -5, 12],
			"rotation": {"angle": 0, "axis": "y", "origin": [0, -16, -2]},
			"faces": {
				"north": {"uv": [0, 0, 1, 2], "texture": "#2"},
				"east": {"uv": [0, 0, 1, 2], "texture": "#2"},
				"south": {"uv": [0, 0, 1, 2], "texture": "#2"},
				"west": {"uv": [0, 0, 1, 2], "texture": "#2"},
				"up": {"uv": [0, 0, 1, 1], "texture": "#2"},
				"down": {"uv": [0, 0, 1, 1], "texture": "#2"}
			}
		},
		{
			"from": [6, -4, 10.5],
			"to": [10, -3, 11],
			"rotation": {"angle": 0, "axis": "y", "origin": [0, -16, 0]},
			"faces": {
				"north": {"uv": [0, 0, 4, 1], "texture": "#2"},
				"east": {"uv": [0, 0, 0.5, 1], "texture": "#2"},
				"south": {"uv": [0, 0, 4, 1], "texture": "#2"},
				"west": {"uv": [0, 0, 0.5, 1], "texture": "#2"},
				"up": {"uv": [0, 0, 4, 0.5], "texture": "#2"},
				"down": {"uv": [0, 0, 4, 0.5], "texture": "#2"}
			}
		},
		{
			"from": [5.7, -5.55563, 10.5],
			"to": [10.3, -4.55563, 11],
			"rotation": {"angle": 45, "axis": "z", "origin": [7.85858, -5.05563, 10.5]},
			"faces": {
				"north": {"uv": [0, 0, 4.6, 1], "texture": "#2"},
				"east": {"uv": [0, 0, 0.5, 1], "texture": "#2"},
				"south": {"uv": [0, 0, 4.6, 1], "texture": "#2"},
				"west": {"uv": [0, 0, 0.5, 1], "texture": "#2"},
				"up": {"uv": [0, 0, 4.6, 0.5], "texture": "#2"},
				"down": {"uv": [0, 0, 4.6, 0.5], "texture": "#2"}
			}
		},
		{
			"from": [6, -7, 10.5],
			"to": [10, -6, 11],
			"rotation": {"angle": 0, "axis": "y", "origin": [0, -16, 0]},
			"faces": {
				"north": {"uv": [0, 0, 4, 1], "texture": "#2"},
				"east": {"uv": [0, 0, 0.5, 1], "texture": "#2"},
				"south": {"uv": [0, 0, 4, 1], "texture": "#2"},
				"west": {"uv": [0, 0, 0.5, 1], "texture": "#2"},
				"up": {"uv": [0, 0, 4, 0.5], "texture": "#2"},
				"down": {"uv": [0, 0, 4, 0.5], "texture": "#2"}
			}
		},
		{
			"from": [6, -4, 5],
			"to": [10, -3, 5.5],
			"rotation": {"angle": 0, "axis": "y", "origin": [0, -16, -5]},
			"faces": {
				"north": {"uv": [0, 0, 4, 1], "texture": "#2"},
				"east": {"uv": [0, 0, 0.5, 1], "texture": "#2"},
				"south": {"uv": [0, 0, 4, 1], "texture": "#2"},
				"west": {"uv": [0, 0, 0.5, 1], "texture": "#2"},
				"up": {"uv": [0, 0, 4, 0.5], "texture": "#2"},
				"down": {"uv": [0, 0, 4, 0.5], "texture": "#2"}
			}
		},
		{
			"from": [4.7, 2, 10.5],
			"to": [11.2, 3, 11],
			"rotation": {"angle": 45, "axis": "z", "origin": [8, 2.5, 10.75]},
			"faces": {
				"north": {"uv": [0, 0, 6.5, 1], "texture": "#2"},
				"east": {"uv": [0, 0, 0.5, 1], "texture": "#2"},
				"south": {"uv": [0, 0, 6.5, 1], "texture": "#2"},
				"west": {"uv": [0, 0, 0.5, 1], "texture": "#2"},
				"up": {"uv": [0, 0, 6.5, 0.5], "texture": "#2"},
				"down": {"uv": [0, 0, 6.5, 0.5], "texture": "#2"}
			}
		},
		{
			"from": [4.7, 8, 10.5],
			"to": [11.2, 9, 11],
			"rotation": {"angle": -45, "axis": "z", "origin": [8, 8.5, 10.75]},
			"faces": {
				"north": {"uv": [0, 0, 6.5, 1], "texture": "#2"},
				"east": {"uv": [0, 0, 0.5, 1], "texture": "#2"},
				"south": {"uv": [0, 0, 6.5, 1], "texture": "#2"},
				"west": {"uv": [0, 0, 0.5, 1], "texture": "#2"},
				"up": {"uv": [0, 0, 6.5, 0.5], "texture": "#2"},
				"down": {"uv": [0, 0, 6.5, 0.5], "texture": "#2"}
			}
		},
		{
			"from": [4.7, 14, 10.5],
			"to": [11.2, 15, 11],
			"rotation": {"angle": 45, "axis": "z", "origin": [8, 14.5, 10.75]},
			"faces": {
				"north": {"uv": [0, 0, 6.5, 1], "texture": "#2"},
				"east": {"uv": [0, 0, 0.5, 1], "texture": "#2"},
				"south": {"uv": [0, 0, 6.5, 1], "texture": "#2"},
				"west": {"uv": [0, 0, 0.5, 1], "texture": "#2"},
				"up": {"uv": [0, 0, 6.5, 0.5], "texture": "#2"},
				"down": {"uv": [0, 0, 6.5, 0.5], "texture": "#2"}
			}
		},
		{
			"from": [4.7, 20, 10.5],
			"to": [11.2, 21, 11],
			"rotation": {"angle": -45, "axis": "z", "origin": [8, 20.5, 10.75]},
			"faces": {
				"north": {"uv": [0, 0, 6.5, 1], "texture": "#2"},
				"east": {"uv": [0, 0, 0.5, 1], "texture": "#2"},
				"south": {"uv": [0, 0, 6.5, 1], "texture": "#2"},
				"west": {"uv": [0, 0, 0.5, 1], "texture": "#2"},
				"up": {"uv": [0, 0, 6.5, 0.5], "texture": "#2"},
				"down": {"uv": [0, 0, 6.5, 0.5], "texture": "#2"}
			}
		},
		{
			"from": [5.7, 26, 10.5],
			"to": [12.2, 27, 11],
			"rotation": {"angle": 45, "axis": "z", "origin": [8, 25.5, 10.75]},
			"faces": {
				"north": {"uv": [0, 0, 6.5, 1], "texture": "#2"},
				"east": {"uv": [0, 0, 0.5, 1], "texture": "#2"},
				"south": {"uv": [0, 0, 6.5, 1], "texture": "#2"},
				"west": {"uv": [0, 0, 0.5, 1], "texture": "#2"},
				"up": {"uv": [0, 0, 6.5, 0.5], "texture": "#2"},
				"down": {"uv": [0, 0, 6.5, 0.5], "texture": "#2"}
			}
		},
		{
			"from": [4.7, 2, 5],
			"to": [11.2, 3, 5.5],
			"rotation": {"angle": 45, "axis": "z", "origin": [8, 2.5, 4.75]},
			"faces": {
				"north": {"uv": [0, 0, 6.5, 1], "texture": "#2"},
				"east": {"uv": [0, 0, 0.5, 1], "texture": "#2"},
				"south": {"uv": [0, 0, 6.5, 1], "texture": "#2"},
				"west": {"uv": [0, 0, 0.5, 1], "texture": "#2"},
				"up": {"uv": [0, 0, 6.5, 0.5], "texture": "#2"},
				"down": {"uv": [0, 0, 6.5, 0.5], "texture": "#2"}
			}
		},
		{
			"from": [4.7, 8, 5],
			"to": [11.2, 9, 5.5],
			"rotation": {"angle": -45, "axis": "z", "origin": [8, 8.5, 4.75]},
			"faces": {
				"north": {"uv": [0, 0, 6.5, 1], "texture": "#2"},
				"east": {"uv": [0, 0, 0.5, 1], "texture": "#2"},
				"south": {"uv": [0, 0, 6.5, 1], "texture": "#2"},
				"west": {"uv": [0, 0, 0.5, 1], "texture": "#2"},
				"up": {"uv": [0, 0, 6.5, 0.5], "texture": "#2"},
				"down": {"uv": [0, 0, 6.5, 0.5], "texture": "#2"}
			}
		},
		{
			"from": [4.7, 14, 5],
			"to": [11.2, 15, 5.5],
			"rotation": {"angle": 45, "axis": "z", "origin": [8, 14.5, 4.75]},
			"faces": {
				"north": {"uv": [0, 0, 6.5, 1], "texture": "#2"},
				"east": {"uv": [0, 0, 0.5, 1], "texture": "#2"},
				"south": {"uv": [0, 0, 6.5, 1], "texture": "#2"},
				"west": {"uv": [0, 0, 0.5, 1], "texture": "#2"},
				"up": {"uv": [0, 0, 6.5, 0.5], "texture": "#2"},
				"down": {"uv": [0, 0, 6.5, 0.5], "texture": "#2"}
			}
		},
		{
			"from": [4.7, 20, 5],
			"to": [11.2, 21, 5.5],
			"rotation": {"angle": -45, "axis": "z", "origin": [8, 20.5, 4.75]},
			"faces": {
				"north": {"uv": [0, 0, 6.5, 1], "texture": "#2"},
				"east": {"uv": [0, 0, 0.5, 1], "texture": "#2"},
				"south": {"uv": [0, 0, 6.5, 1], "texture": "#2"},
				"west": {"uv": [0, 0, 0.5, 1], "texture": "#2"},
				"up": {"uv": [0, 0, 6.5, 0.5], "texture": "#2"},
				"down": {"uv": [0, 0, 6.5, 0.5], "texture": "#2"}
			}
		},
		{
			"from": [5.7, 26, 5],
			"to": [12.2, 27, 5.5],
			"rotation": {"angle": 45, "axis": "z", "origin": [8, 25.5, 4.75]},
			"faces": {
				"north": {"uv": [0, 0, 6.5, 1], "texture": "#2"},
				"east": {"uv": [0, 0, 0.5, 1], "texture": "#2"},
				"south": {"uv": [0, 0, 6.5, 1], "texture": "#2"},
				"west": {"uv": [0, 0, 0.5, 1], "texture": "#2"},
				"up": {"uv": [0, 0, 6.5, 0.5], "texture": "#2"},
				"down": {"uv": [0, 0, 6.5, 0.5], "texture": "#2"}
			}
		},
		{
			"from": [10.5, 5.54002, -4.1],
			"to": [11, 6.54002, 2.6],
			"rotation": {"angle": -45, "axis": "x", "origin": [10.96464, 14.67175, 8.25]},
			"faces": {
				"north": {"uv": [0, 0, 0.5, 1], "texture": "#2"},
				"east": {"uv": [0, 0, 6.7, 1], "texture": "#2"},
				"south": {"uv": [0, 0, 0.5, 1], "texture": "#2"},
				"west": {"uv": [0, 0, 6.7, 1], "texture": "#2"},
				"up": {"uv": [0, 0, 6.7, 0.5], "rotation": 90, "texture": "#2"},
				"down": {"uv": [0, 0, 6.7, 0.5], "rotation": 270, "texture": "#2"}
			}
		},
		{
			"from": [10.5, 9.83266, 8.9],
			"to": [11, 10.83266, 15.6],
			"rotation": {"angle": 45, "axis": "x", "origin": [10.96464, 14.67175, 8.25]},
			"faces": {
				"north": {"uv": [0, 0, 0.5, 1], "texture": "#2"},
				"east": {"uv": [0, 0, 6.7, 1], "texture": "#2"},
				"south": {"uv": [0, 0, 0.5, 1], "texture": "#2"},
				"west": {"uv": [0, 0, 6.7, 1], "texture": "#2"},
				"up": {"uv": [0, 0, 6.7, 0.5], "rotation": 90, "texture": "#2"},
				"down": {"uv": [0, 0, 6.7, 0.5], "rotation": 270, "texture": "#2"}
			}
		},
		{
			"from": [10.5, 15.0253, 4.4],
			"to": [11, 16.0253, 11],
			"rotation": {"angle": -45, "axis": "x", "origin": [10.96464, 15.67175, 8.25]},
			"faces": {
				"north": {"uv": [0, 0, 0.5, 1], "texture": "#2"},
				"east": {"uv": [0, 0, 6.6, 1], "texture": "#2"},
				"south": {"uv": [0, 0, 0.5, 1], "texture": "#2"},
				"west": {"uv": [0, 0, 6.6, 1], "texture": "#2"},
				"up": {"uv": [0, 0, 6.6, 0.5], "rotation": 90, "texture": "#2"},
				"down": {"uv": [0, 0, 6.6, 0.5], "rotation": 270, "texture": "#2"}
			}
		},
		{
			"from": [10.5, 19.31795, 0.4],
			"to": [11, 20.31795, 7.1],
			"rotation": {"angle": 45, "axis": "x", "origin": [10.96464, 15.67175, 8.25]},
			"faces": {
				"north": {"uv": [0, 0, 0.5, 1], "texture": "#2"},
				"east": {"uv": [0, 0, 6.7, 1], "texture": "#2"},
				"south": {"uv": [0, 0, 0.5, 1], "texture": "#2"},
				"west": {"uv": [0, 0, 6.7, 1], "texture": "#2"},
				"up": {"uv": [0, 0, 6.7, 0.5], "rotation": 90, "texture": "#2"},
				"down": {"uv": [0, 0, 6.7, 0.5], "rotation": 270, "texture": "#2"}
			}
		},
		{
			"from": [10.5, 23.80348, 13.2],
			"to": [11, 24.80348, 19.9],
			"rotation": {"angle": -45, "axis": "x", "origin": [10.96464, 15.67175, 8.25]},
			"faces": {
				"north": {"uv": [0, 0, 0.5, 1], "texture": "#2"},
				"east": {"uv": [0, 0, 6.7, 1], "texture": "#2"},
				"south": {"uv": [0, 0, 0.5, 1], "texture": "#2"},
				"west": {"uv": [0, 0, 6.7, 1], "texture": "#2"},
				"up": {"uv": [0, 0, 6.7, 0.5], "rotation": 90, "texture": "#2"},
				"down": {"uv": [0, 0, 6.7, 0.5], "rotation": 270, "texture": "#2"}
			}
		},
		{
			"from": [5, 5.54002, -4.1],
			"to": [5.5, 6.54002, 2.6],
			"rotation": {"angle": -45, "axis": "x", "origin": [4.96464, 14.67175, 8.25]},
			"faces": {
				"north": {"uv": [0, 0, 0.5, 1], "texture": "#2"},
				"east": {"uv": [0, 0, 6.7, 1], "texture": "#2"},
				"south": {"uv": [0, 0, 0.5, 1], "texture": "#2"},
				"west": {"uv": [0, 0, 6.7, 1], "texture": "#2"},
				"up": {"uv": [0, 0, 6.7, 0.5], "rotation": 90, "texture": "#2"},
				"down": {"uv": [0, 0, 6.7, 0.5], "rotation": 270, "texture": "#2"}
			}
		},
		{
			"from": [5, 9.83266, 8.9],
			"to": [5.5, 10.83266, 15.6],
			"rotation": {"angle": 45, "axis": "x", "origin": [4.96464, 14.67175, 8.25]},
			"faces": {
				"north": {"uv": [0, 0, 0.5, 1], "texture": "#2"},
				"east": {"uv": [0, 0, 6.7, 1], "texture": "#2"},
				"south": {"uv": [0, 0, 0.5, 1], "texture": "#2"},
				"west": {"uv": [0, 0, 6.7, 1], "texture": "#2"},
				"up": {"uv": [0, 0, 6.7, 0.5], "rotation": 90, "texture": "#2"},
				"down": {"uv": [0, 0, 6.7, 0.5], "rotation": 270, "texture": "#2"}
			}
		},
		{
			"from": [5, 15.0253, 4.4],
			"to": [5.5, 16.0253, 11.1],
			"rotation": {"angle": -45, "axis": "x", "origin": [4.96464, 15.67175, 8.25]},
			"faces": {
				"north": {"uv": [0, 0, 0.5, 1], "texture": "#2"},
				"east": {"uv": [0, 0, 6.7, 1], "texture": "#2"},
				"south": {"uv": [0, 0, 0.5, 1], "texture": "#2"},
				"west": {"uv": [0, 0, 6.7, 1], "texture": "#2"},
				"up": {"uv": [0, 0, 6.7, 0.5], "rotation": 90, "texture": "#2"},
				"down": {"uv": [0, 0, 6.7, 0.5], "rotation": 270, "texture": "#2"}
			}
		},
		{
			"from": [5, 19.31795, 0.4],
			"to": [5.5, 20.31795, 7.1],
			"rotation": {"angle": 45, "axis": "x", "origin": [4.96464, 15.67175, 8.25]},
			"faces": {
				"north": {"uv": [0, 0, 0.5, 1], "texture": "#2"},
				"east": {"uv": [0, 0, 6.7, 1], "texture": "#2"},
				"south": {"uv": [0, 0, 0.5, 1], "texture": "#2"},
				"west": {"uv": [0, 0, 6.7, 1], "texture": "#2"},
				"up": {"uv": [0, 0, 6.7, 0.5], "rotation": 90, "texture": "#2"},
				"down": {"uv": [0, 0, 6.7, 0.5], "rotation": 270, "texture": "#2"}
			}
		},
		{
			"from": [5, 23.80348, 13.2],
			"to": [5.5, 24.80348, 19.9],
			"rotation": {"angle": -45, "axis": "x", "origin": [4.96464, 15.67175, 8.25]},
			"faces": {
				"north": {"uv": [0, 0, 0.5, 1], "texture": "#2"},
				"east": {"uv": [0, 0, 6.7, 1], "texture": "#2"},
				"south": {"uv": [0, 0, 0.5, 1], "texture": "#2"},
				"west": {"uv": [0, 0, 6.7, 1], "texture": "#2"},
				"up": {"uv": [0, 0, 6.7, 0.5], "rotation": 90, "texture": "#2"},
				"down": {"uv": [0, 0, 6.7, 0.5], "rotation": 270, "texture": "#2"}
			}
		},
		{
			"from": [5.7, -5.55563, 5],
			"to": [10.3, -4.55563, 5.5],
			"rotation": {"angle": 45, "axis": "z", "origin": [7.85858, -5.05563, 5.5]},
			"faces": {
				"north": {"uv": [0, 0, 4.6, 1], "texture": "#2"},
				"east": {"uv": [0, 0, 0.5, 1], "texture": "#2"},
				"south": {"uv": [0, 0, 4.6, 1], "texture": "#2"},
				"west": {"uv": [0, 0, 0.5, 1], "texture": "#2"},
				"up": {"uv": [0, 0, 4.6, 0.5], "texture": "#2"},
				"down": {"uv": [0, 0, 4.6, 0.5], "texture": "#2"}
			}
		},
		{
			"from": [6, -7, 5],
			"to": [10, -6, 5.5],
			"rotation": {"angle": 0, "axis": "y", "origin": [0, -16, -5]},
			"faces": {
				"north": {"uv": [0, 0, 4, 1], "texture": "#2"},
				"east": {"uv": [0, 0, 0.5, 1], "texture": "#2"},
				"south": {"uv": [0, 0, 4, 1], "texture": "#2"},
				"west": {"uv": [0, 0, 0.5, 1], "texture": "#2"},
				"up": {"uv": [0, 0, 4, 0.5], "texture": "#2"},
				"down": {"uv": [0, 0, 4, 0.5], "texture": "#2"}
			}
		},
		{
			"from": [11, -7, 4],
			"to": [12, -5, 5],
			"rotation": {"angle": 0, "axis": "y", "origin": [0, -16, 0]},
			"faces": {
				"north": {"uv": [0, 0, 1, 2], "texture": "#2"},
				"east": {"uv": [0, 0, 1, 2], "texture": "#2"},
				"south": {"uv": [0, 0, 1, 2], "texture": "#2"},
				"west": {"uv": [0, 0, 1, 2], "texture": "#2"},
				"up": {"uv": [0, 0, 1, 1], "texture": "#2"},
				"down": {"uv": [0, 0, 1, 1], "texture": "#2"}
			}
		},
		{
			"from": [11, -7, 11],
			"to": [12, -5, 12],
			"rotation": {"angle": 0, "axis": "y", "origin": [0, -16, -2]},
			"faces": {
				"north": {"uv": [0, 0, 1, 2], "texture": "#2"},
				"east": {"uv": [0, 0, 1, 2], "texture": "#2"},
				"south": {"uv": [0, 0, 1, 2], "texture": "#2"},
				"west": {"uv": [0, 0, 1, 2], "texture": "#2"},
				"up": {"uv": [0, 0, 1, 1], "texture": "#2"},
				"down": {"uv": [0, 0, 1, 1], "texture": "#2"}
			}
		},
		{
			"from": [3, -8, 11],
			"to": [5, -7, 13],
			"rotation": {"angle": 0, "axis": "y", "origin": [0, -16, -2]},
			"faces": {
				"north": {"uv": [0, 0, 2, 1], "texture": "#2"},
				"east": {"uv": [0, 0, 2, 1], "texture": "#2"},
				"south": {"uv": [0, 0, 2, 1], "texture": "#2"},
				"west": {"uv": [0, 0, 2, 1], "texture": "#2"},
				"up": {"uv": [0, 0, 2, 2], "texture": "#2"},
				"down": {"uv": [0, 0, 2, 2], "texture": "#2"}
			}
		},
		{
			"from": [11, -8, 3],
			"to": [13, -7, 5],
			"rotation": {"angle": 0, "axis": "y", "origin": [0, -16, 0]},
			"faces": {
				"north": {"uv": [0, 0, 2, 1], "texture": "#2"},
				"east": {"uv": [0, 0, 2, 1], "texture": "#2"},
				"south": {"uv": [0, 0, 2, 1], "texture": "#2"},
				"west": {"uv": [0, 0, 2, 1], "texture": "#2"},
				"up": {"uv": [0, 0, 2, 2], "texture": "#2"},
				"down": {"uv": [0, 0, 2, 2], "texture": "#2"}
			}
		}
	],
	"groups": [
		{
			"name": "fuß",
			"origin": [0, 0, 0],
			"color": 0,
			"children": [0, 1, 2, 3, 4, 5, 6, 7, 8, 9, 10, 11, 12, 13, 14, 15, 16, 17, 18, 19, 20, 21, 22, 23, 24, 25, 26, 27, 28, 29, 30, 31, 32, 33, 34, 35, 36, 37, 38]
		}
	]
}