{
	"credit": "Made with Blockbench by Mc_Jeronimo",
	"textures": {
		"2": "opensignals:blocks/tjc/resedagruen",
		"particle": "opensignals:blocks/tjc/resedagruen"
	},
	"elements": [
		{
			"from": [5, -16, 10],
			"to": [6, 32, 11],
			"rotation": {"angle": 0, "axis": "y", "origin": [9.5, -4, 8]},
			"faces": {
				"north": {"uv": [0, 0, 1, 16], "texture": "#2"},
				"east": {"uv": [0, 0, 1, 16], "texture": "#2"},
				"south": {"uv": [0, 0, 1, 16], "texture": "#2"},
				"west": {"uv": [0, 0, 1, 16], "texture": "#2"},
				"up": {"uv": [0, 0, 1, 1], "texture": "#2"},
				"down": {"uv": [0, 0, 1, 1], "texture": "#2"}
			}
		},
		{
			"from": [10, -16, 10],
			"to": [11, 32, 11],
			"rotation": {"angle": 0, "axis": "y", "origin": [9.5, -4, 8]},
			"faces": {
				"north": {"uv": [0, 0, 1, 16], "texture": "#2"},
				"east": {"uv": [0, 0, 1, 16], "texture": "#2"},
				"south": {"uv": [0, 0, 1, 16], "texture": "#2"},
				"west": {"uv": [0, 0, 1, 16], "texture": "#2"},
				"up": {"uv": [0, 0, 1, 1], "texture": "#2"},
				"down": {"uv": [0, 0, 1, 1], "texture": "#2"}
			}
		},
		{
			"from": [10, -16, 5],
			"to": [11, 32, 6],
			"rotation": {"angle": 0, "axis": "y", "origin": [9.5, -4, 8]},
			"faces": {
				"north": {"uv": [0, 0, 1, 16], "texture": "#2"},
				"east": {"uv": [0, 0, 1, 16], "texture": "#2"},
				"south": {"uv": [0, 0, 1, 16], "texture": "#2"},
				"west": {"uv": [0, 0, 1, 16], "texture": "#2"},
				"up": {"uv": [0, 0, 1, 1], "texture": "#2"},
				"down": {"uv": [0, 0, 1, 1], "texture": "#2"}
			}
		},
		{
			"from": [5, -16, 5],
			"to": [6, 32, 6],
			"rotation": {"angle": 0, "axis": "y", "origin": [9.5, -4, 8]},
			"faces": {
				"north": {"uv": [0, 0, 1, 16], "texture": "#2"},
				"east": {"uv": [0, 0, 1, 16], "texture": "#2"},
				"south": {"uv": [0, 0, 1, 16], "texture": "#2"},
				"west": {"uv": [0, 0, 1, 16], "texture": "#2"},
				"up": {"uv": [0, 0, 1, 1], "texture": "#2"},
				"down": {"uv": [0, 0, 1, 1], "texture": "#2"}
			}
		},
		{
			"from": [4.7, 2, 10.5],
			"to": [11.2, 3, 11],
			"rotation": {"angle": 45, "axis": "z", "origin": [8, 2.5, 10.75]},
			"faces": {
				"north": {"uv": [0, 0, 6.5, 1], "texture": "#2"},
				"east": {"uv": [0, 0, 0.5, 1], "texture": "#2"},
				"south": {"uv": [0, 0, 6.5, 1], "texture": "#2"},
				"west": {"uv": [0, 0, 0.5, 1], "texture": "#2"},
				"up": {"uv": [0, 0, 6.5, 0.5], "texture": "#2"},
				"down": {"uv": [0, 0, 6.5, 0.5], "texture": "#2"}
			}
		},
		{
			"from": [4.7, 8, 10.5],
			"to": [11.2, 9, 11],
			"rotation": {"angle": -45, "axis": "z", "origin": [8, 8.5, 10.75]},
			"faces": {
				"north": {"uv": [0, 0, 6.5, 1], "texture": "#2"},
				"east": {"uv": [0, 0, 0.5, 1], "texture": "#2"},
				"south": {"uv": [0, 0, 6.5, 1], "texture": "#2"},
				"west": {"uv": [0, 0, 0.5, 1], "texture": "#2"},
				"up": {"uv": [0, 0, 6.5, 0.5], "texture": "#2"},
				"down": {"uv": [0, 0, 6.5, 0.5], "texture": "#2"}
			}
		},
		{
			"from": [4.7, 14, 10.5],
			"to": [11.2, 15, 11],
			"rotation": {"angle": 45, "axis": "z", "origin": [8, 14.5, 10.75]},
			"faces": {
				"north": {"uv": [0, 0, 6.5, 1], "texture": "#2"},
				"east": {"uv": [0, 0, 0.5, 1], "texture": "#2"},
				"south": {"uv": [0, 0, 6.5, 1], "texture": "#2"},
				"west": {"uv": [0, 0, 0.5, 1], "texture": "#2"},
				"up": {"uv": [0, 0, 6.5, 0.5], "texture": "#2"},
				"down": {"uv": [0, 0, 6.5, 0.5], "texture": "#2"}
			}
		},
		{
			"from": [4.7, 20, 10.5],
			"to": [11.2, 21, 11],
			"rotation": {"angle": -45, "axis": "z", "origin": [8, 20.5, 10.75]},
			"faces": {
				"north": {"uv": [0, 0, 6.5, 1], "texture": "#2"},
				"east": {"uv": [0, 0, 0.5, 1], "texture": "#2"},
				"south": {"uv": [0, 0, 6.5, 1], "texture": "#2"},
				"west": {"uv": [0, 0, 0.5, 1], "texture": "#2"},
				"up": {"uv": [0, 0, 6.5, 0.5], "texture": "#2"},
				"down": {"uv": [0, 0, 6.5, 0.5], "texture": "#2"}
			}
		},
		{
			"from": [5.7, 26, 10.5],
			"to": [12.2, 27, 11],
			"rotation": {"angle": 45, "axis": "z", "origin": [8, 25.5, 10.75]},
			"faces": {
				"north": {"uv": [0, 0, 6.5, 1], "texture": "#2"},
				"east": {"uv": [0, 0, 0.5, 1], "texture": "#2"},
				"south": {"uv": [0, 0, 6.5, 1], "texture": "#2"},
				"west": {"uv": [0, 0, 0.5, 1], "texture": "#2"},
				"up": {"uv": [0, 0, 6.5, 0.5], "texture": "#2"},
				"down": {"uv": [0, 0, 6.5, 0.5], "texture": "#2"}
			}
		},
		{
			"from": [4.7, 2, 5],
			"to": [11.2, 3, 5.5],
			"rotation": {"angle": 45, "axis": "z", "origin": [8, 2.5, 4.75]},
			"faces": {
				"north": {"uv": [0, 0, 6.5, 1], "texture": "#2"},
				"east": {"uv": [0, 0, 0.5, 1], "texture": "#2"},
				"south": {"uv": [0, 0, 6.5, 1], "texture": "#2"},
				"west": {"uv": [0, 0, 0.5, 1], "texture": "#2"},
				"up": {"uv": [0, 0, 6.5, 0.5], "texture": "#2"},
				"down": {"uv": [0, 0, 6.5, 0.5], "texture": "#2"}
			}
		},
		{
			"from": [4.7, 8, 5],
			"to": [11.2, 9, 5.5],
			"rotation": {"angle": -45, "axis": "z", "origin": [8, 8.5, 4.75]},
			"faces": {
				"north": {"uv": [0, 0, 6.5, 1], "texture": "#2"},
				"east": {"uv": [0, 0, 0.5, 1], "texture": "#2"},
				"south": {"uv": [0, 0, 6.5, 1], "texture": "#2"},
				"west": {"uv": [0, 0, 0.5, 1], "texture": "#2"},
				"up": {"uv": [0, 0, 6.5, 0.5], "texture": "#2"},
				"down": {"uv": [0, 0, 6.5, 0.5], "texture": "#2"}
			}
		},
		{
			"from": [4.7, 14, 5],
			"to": [11.2, 15, 5.5],
			"rotation": {"angle": 45, "axis": "z", "origin": [8, 14.5, 4.75]},
			"faces": {
				"north": {"uv": [0, 0, 6.5, 1], "texture": "#2"},
				"east": {"uv": [0, 0, 0.5, 1], "texture": "#2"},
				"south": {"uv": [0, 0, 6.5, 1], "texture": "#2"},
				"west": {"uv": [0, 0, 0.5, 1], "texture": "#2"},
				"up": {"uv": [0, 0, 6.5, 0.5], "texture": "#2"},
				"down": {"uv": [0, 0, 6.5, 0.5], "texture": "#2"}
			}
		},
		{
			"from": [4.7, 20, 5],
			"to": [11.2, 21, 5.5],
			"rotation": {"angle": -45, "axis": "z", "origin": [8, 20.5, 4.75]},
			"faces": {
				"north": {"uv": [0, 0, 6.5, 1], "texture": "#2"},
				"east": {"uv": [0, 0, 0.5, 1], "texture": "#2"},
				"south": {"uv": [0, 0, 6.5, 1], "texture": "#2"},
				"west": {"uv": [0, 0, 0.5, 1], "texture": "#2"},
				"up": {"uv": [0, 0, 6.5, 0.5], "texture": "#2"},
				"down": {"uv": [0, 0, 6.5, 0.5], "texture": "#2"}
			}
		},
		{
			"from": [5.7, 26, 5],
			"to": [12.2, 27, 5.5],
			"rotation": {"angle": 45, "axis": "z", "origin": [8, 25.5, 4.75]},
			"faces": {
				"north": {"uv": [0, 0, 6.5, 1], "texture": "#2"},
				"east": {"uv": [0, 0, 0.5, 1], "texture": "#2"},
				"south": {"uv": [0, 0, 6.5, 1], "texture": "#2"},
				"west": {"uv": [0, 0, 0.5, 1], "texture": "#2"},
				"up": {"uv": [0, 0, 6.5, 0.5], "texture": "#2"},
				"down": {"uv": [0, 0, 6.5, 0.5], "texture": "#2"}
			}
		},
		{
			"from": [10.5, 5.54002, -4.1],
			"to": [11, 6.54002, 2.6],
			"rotation": {"angle": -45, "axis": "x", "origin": [10.96464, 14.67175, 8.25]},
			"faces": {
				"north": {"uv": [0, 0, 0.5, 1], "texture": "#2"},
				"east": {"uv": [0, 0, 6.7, 1], "texture": "#2"},
				"south": {"uv": [0, 0, 0.5, 1], "texture": "#2"},
				"west": {"uv": [0, 0, 6.7, 1], "texture": "#2"},
				"up": {"uv": [0, 0, 6.7, 0.5], "rotation": 90, "texture": "#2"},
				"down": {"uv": [0, 0, 6.7, 0.5], "rotation": 270, "texture": "#2"}
			}
		},
		{
			"from": [10.5, 9.83266, 8.9],
			"to": [11, 10.83266, 15.6],
			"rotation": {"angle": 45, "axis": "x", "origin": [10.96464, 14.67175, 8.25]},
			"faces": {
				"north": {"uv": [0, 0, 0.5, 1], "texture": "#2"},
				"east": {"uv": [0, 0, 6.7, 1], "texture": "#2"},
				"south": {"uv": [0, 0, 0.5, 1], "texture": "#2"},
				"west": {"uv": [0, 0, 6.7, 1], "texture": "#2"},
				"up": {"uv": [0, 0, 6.7, 0.5], "rotation": 90, "texture": "#2"},
				"down": {"uv": [0, 0, 6.7, 0.5], "rotation": 270, "texture": "#2"}
			}
		},
		{
			"from": [10.5, 15.0253, 4.4],
			"to": [11, 16.0253, 11],
			"rotation": {"angle": -45, "axis": "x", "origin": [10.96464, 15.67175, 8.25]},
			"faces": {
				"north": {"uv": [0, 0, 0.5, 1], "texture": "#2"},
				"east": {"uv": [0, 0, 6.6, 1], "texture": "#2"},
				"south": {"uv": [0, 0, 0.5, 1], "texture": "#2"},
				"west": {"uv": [0, 0, 6.6, 1], "texture": "#2"},
				"up": {"uv": [0, 0, 6.6, 0.5], "rotation": 90, "texture": "#2"},
				"down": {"uv": [0, 0, 6.6, 0.5], "rotation": 270, "texture": "#2"}
			}
		},
		{
			"from": [10.5, 19.31795, 0.4],
			"to": [11, 20.31795, 7.1],
			"rotation": {"angle": 45, "axis": "x", "origin": [10.96464, 15.67175, 8.25]},
			"faces": {
				"north": {"uv": [0, 0, 0.5, 1], "texture": "#2"},
				"east": {"uv": [0, 0, 6.7, 1], "texture": "#2"},
				"south": {"uv": [0, 0, 0.5, 1], "texture": "#2"},
				"west": {"uv": [0, 0, 6.7, 1], "texture": "#2"},
				"up": {"uv": [0, 0, 6.7, 0.5], "rotation": 90, "texture": "#2"},
				"down": {"uv": [0, 0, 6.7, 0.5], "rotation": 270, "texture": "#2"}
			}
		},
		{
			"from": [10.5, 23.80348, 13.2],
			"to": [11, 24.80348, 19.9],
			"rotation": {"angle": -45, "axis": "x", "origin": [10.96464, 15.67175, 8.25]},
			"faces": {
				"north": {"uv": [0, 0, 0.5, 1], "texture": "#2"},
				"east": {"uv": [0, 0, 6.7, 1], "texture": "#2"},
				"south": {"uv": [0, 0, 0.5, 1], "texture": "#2"},
				"west": {"uv": [0, 0, 6.7, 1], "texture": "#2"},
				"up": {"uv": [0, 0, 6.7, 0.5], "rotation": 90, "texture": "#2"},
				"down": {"uv": [0, 0, 6.7, 0.5], "rotation": 270, "texture": "#2"}
			}
		},
		{
			"from": [5, 5.54002, -4.1],
			"to": [5.5, 6.54002, 2.6],
			"rotation": {"angle": -45, "axis": "x", "origin": [4.96464, 14.67175, 8.25]},
			"faces": {
				"north": {"uv": [0, 0, 0.5, 1], "texture": "#2"},
				"east": {"uv": [0, 0, 6.7, 1], "texture": "#2"},
				"south": {"uv": [0, 0, 0.5, 1], "texture": "#2"},
				"west": {"uv": [0, 0, 6.7, 1], "texture": "#2"},
				"up": {"uv": [0, 0, 6.7, 0.5], "rotation": 90, "texture": "#2"},
				"down": {"uv": [0, 0, 6.7, 0.5], "rotation": 270, "texture": "#2"}
			}
		},
		{
			"from": [5, 9.83266, 8.9],
			"to": [5.5, 10.83266, 15.6],
			"rotation": {"angle": 45, "axis": "x", "origin": [4.96464, 14.67175, 8.25]},
			"faces": {
				"north": {"uv": [0, 0, 0.5, 1], "texture": "#2"},
				"east": {"uv": [0, 0, 6.7, 1], "texture": "#2"},
				"south": {"uv": [0, 0, 0.5, 1], "texture": "#2"},
				"west": {"uv": [0, 0, 6.7, 1], "texture": "#2"},
				"up": {"uv": [0, 0, 6.7, 0.5], "rotation": 90, "texture": "#2"},
				"down": {"uv": [0, 0, 6.7, 0.5], "rotation": 270, "texture": "#2"}
			}
		},
		{
			"from": [4.7, -10, 5],
			"to": [11.2, -9, 5.5],
			"rotation": {"angle": 45, "axis": "z", "origin": [8, -9.5, 4.75]},
			"faces": {
				"north": {"uv": [0, 0, 6.5, 1], "texture": "#2"},
				"east": {"uv": [0, 0, 0.5, 1], "texture": "#2"},
				"south": {"uv": [0, 0, 6.5, 1], "texture": "#2"},
				"west": {"uv": [0, 0, 0.5, 1], "texture": "#2"},
				"up": {"uv": [0, 0, 6.5, 0.5], "texture": "#2"},
				"down": {"uv": [0, 0, 6.5, 0.5], "texture": "#2"}
			}
		},
		{
			"from": [4.7, -4, 5],
			"to": [11.2, -3, 5.5],
			"rotation": {"angle": -45, "axis": "z", "origin": [8, -3.5, 4.75]},
			"faces": {
				"north": {"uv": [0, 0, 6.5, 1], "texture": "#2"},
				"east": {"uv": [0, 0, 0.5, 1], "texture": "#2"},
				"south": {"uv": [0, 0, 6.5, 1], "texture": "#2"},
				"west": {"uv": [0, 0, 0.5, 1], "texture": "#2"},
				"up": {"uv": [0, 0, 6.5, 0.5], "texture": "#2"},
				"down": {"uv": [0, 0, 6.5, 0.5], "texture": "#2"}
			}
		},
		{
			"from": [10.5, -6.45998, -4.1],
			"to": [11, -5.45998, 2.6],
			"rotation": {"angle": -45, "axis": "x", "origin": [10.96464, 2.67175, 8.25]},
			"faces": {
				"north": {"uv": [0, 0, 0.5, 1], "texture": "#2"},
				"east": {"uv": [0, 0, 6.7, 1], "texture": "#2"},
				"south": {"uv": [0, 0, 0.5, 1], "texture": "#2"},
				"west": {"uv": [0, 0, 6.7, 1], "texture": "#2"},
				"up": {"uv": [0, 0, 6.7, 0.5], "rotation": 90, "texture": "#2"},
				"down": {"uv": [0, 0, 6.7, 0.5], "rotation": 270, "texture": "#2"}
			}
		},
		{
			"from": [10.5, -2.16734, 8.9],
			"to": [11, -1.16734, 15.6],
			"rotation": {"angle": 45, "axis": "x", "origin": [10.96464, 2.67175, 8.25]},
			"faces": {
				"north": {"uv": [0, 0, 0.5, 1], "texture": "#2"},
				"east": {"uv": [0, 0, 6.7, 1], "texture": "#2"},
				"south": {"uv": [0, 0, 0.5, 1], "texture": "#2"},
				"west": {"uv": [0, 0, 6.7, 1], "texture": "#2"},
				"up": {"uv": [0, 0, 6.7, 0.5], "rotation": 90, "texture": "#2"},
				"down": {"uv": [0, 0, 6.7, 0.5], "rotation": 270, "texture": "#2"}
			}
		},
		{
			"from": [4.7, -10, 10.5],
			"to": [11.2, -9, 11],
			"rotation": {"angle": 45, "axis": "z", "origin": [8, -9.5, 10.75]},
			"faces": {
				"north": {"uv": [0, 0, 6.5, 1], "texture": "#2"},
				"east": {"uv": [0, 0, 0.5, 1], "texture": "#2"},
				"south": {"uv": [0, 0, 6.5, 1], "texture": "#2"},
				"west": {"uv": [0, 0, 0.5, 1], "texture": "#2"},
				"up": {"uv": [0, 0, 6.5, 0.5], "texture": "#2"},
				"down": {"uv": [0, 0, 6.5, 0.5], "texture": "#2"}
			}
		},
		{
			"from": [4.7, -4, 10.5],
			"to": [11.2, -3, 11],
			"rotation": {"angle": -45, "axis": "z", "origin": [8, -3.5, 10.75]},
			"faces": {
				"north": {"uv": [0, 0, 6.5, 1], "texture": "#2"},
				"east": {"uv": [0, 0, 0.5, 1], "texture": "#2"},
				"south": {"uv": [0, 0, 6.5, 1], "texture": "#2"},
				"west": {"uv": [0, 0, 0.5, 1], "texture": "#2"},
				"up": {"uv": [0, 0, 6.5, 0.5], "texture": "#2"},
				"down": {"uv": [0, 0, 6.5, 0.5], "texture": "#2"}
			}
		},
		{
			"from": [5, -6.45998, -4.1],
			"to": [5.5, -5.45998, 2.6],
			"rotation": {"angle": -45, "axis": "x", "origin": [4.96464, 2.67175, 8.25]},
			"faces": {
				"north": {"uv": [0, 0, 0.5, 1], "texture": "#2"},
				"east": {"uv": [0, 0, 6.7, 1], "texture": "#2"},
				"south": {"uv": [0, 0, 0.5, 1], "texture": "#2"},
				"west": {"uv": [0, 0, 6.7, 1], "texture": "#2"},
				"up": {"uv": [0, 0, 6.7, 0.5], "rotation": 90, "texture": "#2"},
				"down": {"uv": [0, 0, 6.7, 0.5], "rotation": 270, "texture": "#2"}
			}
		},
		{
			"from": [5, -2.16734, 8.9],
			"to": [5.5, -1.16734, 15.6],
			"rotation": {"angle": 45, "axis": "x", "origin": [4.96464, 2.67175, 8.25]},
			"faces": {
				"north": {"uv": [0, 0, 0.5, 1], "texture": "#2"},
				"east": {"uv": [0, 0, 6.7, 1], "texture": "#2"},
				"south": {"uv": [0, 0, 0.5, 1], "texture": "#2"},
				"west": {"uv": [0, 0, 6.7, 1], "texture": "#2"},
				"up": {"uv": [0, 0, 6.7, 0.5], "rotation": 90, "texture": "#2"},
				"down": {"uv": [0, 0, 6.7, 0.5], "rotation": 270, "texture": "#2"}
			}
		},
		{
			"from": [5, 15.0253, 4.4],
			"to": [5.5, 16.0253, 11.1],
			"rotation": {"angle": -45, "axis": "x", "origin": [4.96464, 15.67175, 8.25]},
			"faces": {
				"north": {"uv": [0, 0, 0.5, 1], "texture": "#2"},
				"east": {"uv": [0, 0, 6.7, 1], "texture": "#2"},
				"south": {"uv": [0, 0, 0.5, 1], "texture": "#2"},
				"west": {"uv": [0, 0, 6.7, 1], "texture": "#2"},
				"up": {"uv": [0, 0, 6.7, 0.5], "rotation": 90, "texture": "#2"},
				"down": {"uv": [0, 0, 6.7, 0.5], "rotation": 270, "texture": "#2"}
			}
		},
		{
			"from": [5, 19.31795, 0.4],
			"to": [5.5, 20.31795, 7.1],
			"rotation": {"angle": 45, "axis": "x", "origin": [4.96464, 15.67175, 8.25]},
			"faces": {
				"north": {"uv": [0, 0, 0.5, 1], "texture": "#2"},
				"east": {"uv": [0, 0, 6.7, 1], "texture": "#2"},
				"south": {"uv": [0, 0, 0.5, 1], "texture": "#2"},
				"west": {"uv": [0, 0, 6.7, 1], "texture": "#2"},
				"up": {"uv": [0, 0, 6.7, 0.5], "rotation": 90, "texture": "#2"},
				"down": {"uv": [0, 0, 6.7, 0.5], "rotation": 270, "texture": "#2"}
			}
		},
		{
			"from": [5, 23.80348, 13.2],
			"to": [5.5, 24.80348, 19.9],
			"rotation": {"angle": -45, "axis": "x", "origin": [4.96464, 15.67175, 8.25]},
			"faces": {
				"north": {"uv": [0, 0, 0.5, 1], "texture": "#2"},
				"east": {"uv": [0, 0, 6.7, 1], "texture": "#2"},
				"south": {"uv": [0, 0, 0.5, 1], "texture": "#2"},
				"west": {"uv": [0, 0, 6.7, 1], "texture": "#2"},
				"up": {"uv": [0, 0, 6.7, 0.5], "rotation": 90, "texture": "#2"},
				"down": {"uv": [0, 0, 6.7, 0.5], "rotation": 270, "texture": "#2"}
			}
		}
	],
	"groups": [
		{
			"name": "fuß",
			"origin": [0, 0, 0],
			"color": 0,
			"children": [0, 1, 2, 3, 4, 5, 6, 7, 8, 9, 10, 11, 12, 13, 14, 15, 16, 17, 18, 19, 20, 21, 22, 23, 24, 25, 26, 27, 28, 29, 30, 31]
		}
	]
}