{
	"credit": "Made with Blockbench by Mc_Jeronimo",
	"textures": {
		"0": "opensignals:blocks/tjc/oberleitung",
		"particle": "opensignals:blocks/tjc/oberleitung"
	},
	"elements": [
		{
			"from": [-11, 0.71097, 7.5],
			"to": [21, 1.71097, 8.5],
			"rotation": {"angle": -22.5, "axis": "z", "origin": [28.3477, 1.21097, 8]},
			"faces": {
				"north": {"uv": [0, 0, 1, 16], "rotation": 90, "texture": "#0"},
				"east": {"uv": [0, 0, 1, 1], "rotation": 270, "texture": "#0"},
				"south": {"uv": [0, 0, 1, 16], "rotation": 270, "texture": "#0"},
				"west": {"uv": [0, 0, 1, 1], "rotation": 270, "texture": "#0"},
				"up": {"uv": [0, 0, 1, 16], "rotation": 270, "texture": "#0"},
				"down": {"uv": [0, 0, 1, 16], "rotation": 270, "texture": "#0"}
			}
		}
	]
}