{
	"credit": "Made with Blockbench by Mc_Jeronimo",
	"textures": {
		"0": "opensignals:blocks/tjc/oberleitung",
		"1": "opensignals:blocks/tjc/resedagruen",
		"particle": "opensignals:blocks/tjc/oberleitung"
	},
	"elements": [
		{
			"from": [-16, 6, 7.5],
			"to": [32, 7, 8.5],
			"rotation": {"angle": -22.5, "axis": "z", "origin": [15.5, 0.5, 8.5]},
			"faces": {
				"north": {"uv": [0, 0, 16, 1], "texture": "#0"},
				"east": {"uv": [1, 0, 2, 1], "texture": "#0"},
				"south": {"uv": [0, 0, 16, 1], "texture": "#0"},
				"west": {"uv": [1, 0, 2, 1], "texture": "#0"},
				"up": {"uv": [0, 0, 16, 1], "texture": "#0"},
				"down": {"uv": [0, 0, 16, 1], "texture": "#0"}
			}
		},
		{
			"from": [-14, 17, 7],
			"to": [-11, 19, 9],
			"rotation": {"angle": 0, "axis": "y", "origin": [16, 0, 8]},
			"faces": {
				"north": {"uv": [2, 0, 4, 2], "texture": "#1"},
				"east": {"uv": [2, 0, 4, 2], "texture": "#1"},
				"south": {"uv": [2, 0, 4, 2], "texture": "#1"},
				"west": {"uv": [2, 0, 4, 2], "texture": "#1"},
				"up": {"uv": [2, 0, 4, 2], "texture": "#1"},
				"down": {"uv": [2, 0, 4, 2], "texture": "#1"}
			}
		}
	]
}