{
    "systemProperties": {
        "placementToolName": "tjccatenarytool",
        "canLink": false,
        "defaultHeight": 7,
        "offsetX": 0.0,
        "offsetY": -1.4,
        "signScale": 3.5,
        "doubleSidedText": {
			"config(TJCHECTOMETER.DOUBLE)": true
		},
        "renderHeights": {
			"config(TJCHECTOMETER.SINGLE)": 3.0,
            "config(TJCHECTOMETER.DOUBLE)": 3.0
		}
    },
    "seProperties": [
        {
            "name": "tjcheight",
            "enumClass": "TJCHEIGHT",
            "defaultState": "NORMAL",
            "changeableStage": "GUISTAGE",
            "autoname": true
        },
        {
            "name": "tjchectometer",
            "enumClass": "TJCHECTOMETER",
            "defaultState": "OFF",
            "changeableStage": "GUISTAGE",
            "autoname": true
        },
        {
            "name": "tjcdouble",
            "defaultState": false,
            "changeableStage": "GUISTAGE",
            "autoname": true
        }
    ]
}